{
  "title": "header",
  "titleText": "headerText",
  "file": "directives/resize",
  "children": [
    {
      "type": "section",
      "children": [
        {
          "type": "usage",
          "value": "usage"
        }
      ]
    },
    {
      "type": "section",
      "children": [
        {
          "type": "api",
          "value": ["v-intersect"]
        }
      ]
    },
    {
      "type": "section",
      "children": [
        {
          "type": "examples",
          "value": ["simple/options"]
        }
      ]
    },
    {
      "type": "section",
      "children": [
        {
          "type": "heading",
          "lang": "polyfillHeading"
        },
        {
          "type": "text",
          "lang": "polyfillText1"
        }
      ]
    },
    {
      "type": "section",
      "children": [
        {
          "type": "up-next",
          "value": [
            "components/cards",
            "components/images",
            "components/api-explorer"
          ]
        }
      ]
    }
  ]
}
