{
  "title": "header",
  "titleText": "headerText",
  "file": "directives/resize",
  "children": [
    {
      "type": "section",
      "children": [
        {
          "type": "usage",
          "value": "usage"
        }
      ]
    },
    {
      "type": "section",
      "children": [
        {
          "type": "api",
          "value": [ "v-resize" ]
        }
      ]
    },
    {
      "type": "section",
      "children": [
        {
          "type": "up-next",
          "value": [
            "customization/breakpoints",
            "components/grids",
            "styles/flex"
          ]
        }
      ]
    }
  ]
}
