{
  "title": "header",
  "titleText": "headerText",
  "file": "directives/ripple",
  "children": [
    {
      "type": "section",
      "children": [
        {
          "type": "usage",
          "value": "usage"
        }
      ]
    },
    {
      "type": "section",
      "children": [
        {
          "type": "api",
          "value": [ "v-ripple" ]
        }
      ]
    },
    {
      "type": "section",
      "children": [
        {
          "type": "examples",
          "value": [
            "custom-color",
            "center",
            "ripple-in-components"
          ]
        }
      ]
    },
    {
      "type": "section",
      "children": [
        {
          "type": "up-next",
          "value": [
            "components/buttons",
            "components/expansion-panels",
            "styles/transitions"
          ]
        }
      ]
    }
  ]
}
