{
  "children": [
    {
      "type": "section",
      "children": [
        { "type": "getting-started-browsers" }
      ]
    },
    {
      "type": "section",
      "children": [
        {
          "type": "heading",
          "lang": "ie11Header"
        },
        {
          "type": "text",
          "lang": "ie11Text1"
        },
        {
          "type": "markup",
          "value": "bash_yarn_install_polyfill"
        },
        {
          "type": "text",
          "lang": "ie11Text2"
        },
        {
          "type": "markup",
          "value": "js_import_polyfill"
        },
        {
          "type": "text",
          "lang": "ie11Text3"
        },
        {
          "type": "markup",
          "value": "bash_yarn_install_preset_env"
        },
        {
          "type": "text",
          "lang": "ie11Text4"
        },
        {
          "type": "markup",
          "value": "json_presets_babel"
        },
        {
          "type": "markup",
          "value": "js_vue_config_preset"
        },
        {
          "type": "alert",
          "lang": "ie11Text5",
          "value": "info"
        },
        {
          "type": "text",
          "lang": "ie11Text6"
        },
        {
          "type": "markup",
          "value": "html_ie11"
        }
      ]
    }
  ]
}
