{
  "title": "header",
  "titleText": "headerText",
  "children": [
    {
      "type": "section",
      "children": [
        {
          "type": "heading",
          "lang": "issueHeader"
        },
        {
          "type": "text",
          "lang": "issue1"
        },
        {
          "type": "text",
          "lang": "issue2"
        },
        {
          "type": "text",
          "lang": "issue3"
        },
        {
          "type": "text",
          "lang": "issue4"
        },
        {
          "type": "text",
          "lang": "issue5"
        },
        {
          "type": "text",
          "lang": "issue6"
        }
      ]
    },
    {
      "type": "section",
      "children": [
        {
          "type": "heading",
          "lang": "localHeader"
        },
        {
          "type": "text",
          "lang": "localText1"
        },
        {
          "type": "section",
          "children": [
            {
              "type": "heading",
              "lang": "localSubHeader1"
            },
            {
              "type": "text",
              "lang": "localText2"
            },
            {
              "type": "markup",
              "value": "bash_npm_install_commitizen"
            },
            {
              "type": "alert",
              "lang": "localTextWarning",
              "value": "warning"
            },
            {
              "type": "text",
              "lang": "localText3"
            },
            {
              "type": "text",
              "lang": "localText4"
            }
          ]
        },
        {
          "type": "section",
          "children": [
            {
              "type": "heading",
              "lang": "localSubHeader2"
            },
            {
              "type": "text",
              "lang": "localText5"
            },
            {
              "type": "markup",
              "value": "bash_npm_install_pm2"
            }
          ]
        }
      ]
    },
    {
      "type": "section",
      "children": [
        {
          "type": "heading",
          "lang": "setupHeader"
        },
        {
          "type": "text",
          "lang": "setupText1"
        },
        {
          "type": "markup",
          "value": "bash_setup_dev"
        },
        {
          "type": "text",
          "lang": "setupText2"
        }
      ]
    },
    {
      "type": "section",
      "children": [
        {
          "type": "heading",
          "lang": "startupHeader"
        },
        {
          "type": "text",
          "lang": "startupText1"
        },
        {
          "type": "section",
          "children": [
            {
              "type": "heading",
              "lang": "startupSubHeader1"
            },
            {
              "type": "markup",
              "value": "bash_yarn_startup_vuetify"
            }
          ]
        },
        {
          "lang": "section",
          "children": [
            {
              "type": "heading",
              "lang": "startupSubHeader2"
            },
            {
              "type": "text",
              "lang": "startupText4"
            },
            {
              "type": "markup",
              "value": "bash_pm2_import"
            },
            {
              "type": "text",
              "lang": "startupText5"
            },
            {
              "type": "markup",
              "value": "bash_pm2_commands"
            },
            {
              "type": "alert",
              "lang": "startupText6",
              "value": "info"
            }
          ]
        }
      ]
    },
    {
      "type": "section",
      "children": [
        {
          "type": "heading",
          "lang": "commitHeader"
        },
        {
          "type": "text",
          "lang": "commitText1"
        },
        {
          "type": "text",
          "lang": "commitText2"
        },
        {
          "type": "heading",
          "lang": "commitSubHeader1"
        },
        {
          "type": "text",
          "lang": "commitText3"
        },
        {
          "type": "text",
          "lang": "commitText4"
        },
        {
          "type": "text",
          "lang": "commitText5"
        },
        {
          "type": "text",
          "lang": "commitText6"
        },
        {
          "type": "text",
          "lang": "commitText7"
        },
        {
          "type": "text",
          "lang": "commitText8"
        },
        {
          "type": "text",
          "lang": "commitText9"
        },
        {
          "type": "text",
          "lang": "commitText10"
        },
        {
          "type": "text",
          "lang": "commitText11"
        }
      ]
    },
    {
      "type": "section",
      "children": [
        {
          "type": "heading",
          "lang": "changesHeader"
        },
        {
          "type": "text",
          "lang": "changesText1"
        },
        {
          "type": "text",
          "lang": "changesText2"
        },
        {
          "type": "text",
          "lang": "changesText3"
        },
        {
          "type": "text",
          "lang": "changesText4"
        },
        {
          "type": "section",
          "children": [
            {
              "type": "heading",
              "lang": "changesSubHeader1"
            },
            {
              "type": "alert",
              "lang": "changesText7",
              "value": "info"
            }
          ]
        },
        {
          "lang": "section",
          "children": [
            {
              "type": "heading",
              "lang": "changesSubHeader2"
            },
            {
              "type": "alert",
              "lang": "changesText8",
              "value": "info"
            }
          ]
        }
      ]
    },
    {
      "type": "section",
      "children": [
        {
          "type": "up-next",
          "value": [
            "getting-started/unit-testing",
            "introduction/frequently-asked-questions"
          ]
        }
      ]
    }
  ]
}
