{
  "children": [
    {
      "type": "section",
      "children": [
        {
          "type": "heading",
          "lang": "vueCliHeader"
        },
        {
          "type": "text",
          "lang": "vueCliText1"
        },
        {
          "type": "alert",
          "lang": "vueCliAlert1",
          "value": "warning"
        },
        {
          "type": "text",
          "lang": "vueCliText2"
        },
        {
          "type": "markup",
          "value": "bash_vue_cli_create_app"
        },
        {
          "type": "text",
          "lang": "vueCliText3"
        },
        {
          "type": "markup",
          "value": "bash_vue_add_vuetify"
        },
        {
          "type": "section",
          "children": [
            {
              "type": "heading",
              "lang": "uiHeader"
            },
            {
              "type": "text",
              "lang": "uiText1"
            },
            {
              "type": "markup",
              "value": "bash_vue_ui"
            },
            {
              "type": "text",
              "lang": "uiText2"
            },
            {
              "type": "img",
              "lang": "uiImg1",
              "value": "quick-start/vue_ui.png"
            }
          ]
        }
      ]
    },
    {
      "type": "section",
      "children": [
        {
          "type": "heading",
          "lang": "nuxtHeading"
        },
        {
          "type": "text",
          "lang": "nuxtText1"
        },
        {
          "type": "markup",
          "value": "bash_yarn_install_vuetify_nuxt_module"
        },
        {
          "type": "text",
          "lang": "nuxtText2"
        },
        {
          "type": "markup",
          "value": "js_nuxt_install_options"
        },
        {
          "type": "text",
          "lang": "nuxtText3"
        }
      ]
    },
    {
      "type": "section",
      "children": [
        {
          "type": "heading",
          "lang": "webpackHeader"
        },
        {
          "type": "text",
          "lang": "webpackText1"
        },
        {
          "type": "markup",
          "value": "bash_yarn_install_vuetify"
        },
        {
          "type": "markup",
          "value": "bash_yarn_install_sass"
        },
        {
          "type": "text",
          "lang": "webpackText2"
        },
        {
          "type": "markup",
          "value": "js_webpack_sass"
        },
        {
          "type": "text",
          "lang": "webpackText3"
        },
        {
          "type": "markup",
          "value": "js_use_vuetify"
        },
        {
          "type": "text",
          "lang": "webpackText4"
        },
        {
          "type": "markup",
          "value": "js_use_vuetify_loader"
        },
        {
          "type": "text",
          "lang": "webpackText5"
        },
        {
          "type": "markup",
          "value": "js_vue_options_vuetify"
        },
        {
          "type": "section",
          "children": [
            {
              "type": "heading",
              "lang": "webpackHeader2"
            },
            {
              "type": "text",
              "lang": "webpackText6"
            },
            {
              "type": "markup",
              "value": "html_font_cdn"
            }
          ]
        }
      ]
    },
    {
      "type": "section",
      "children": [
        {
          "type": "heading",
          "lang": "cdnHeader"
        },
        {
          "type": "text",
          "lang": "cdnText"
        },
        {
          "type": "alert",
          "lang": "cdnAlert",
          "value": "info"
        },
        {
          "type": "markup",
          "value": "html_cdn_quickstart"
        }
      ]
    },
    {
      "type": "section",
      "children": [
        {
          "type": "heading",
          "lang": "electronHeader"
        },
        {
          "type": "text",
          "lang": "electronText"
        },
        {
          "type": "markup",
          "value": "bash_vue_add_electronbuilder"
        }
      ]
    },
    {
      "type": "section",
      "children": [
        {
          "type": "heading",
          "lang": "pwaHeader"
        },
        {
          "type": "text",
          "lang": "pwaText"
        },
        {
          "type": "markup",
          "value": "bash_vue_add_pwa"
        }
      ]
    },
    {
      "type": "section",
      "children": [
        {
          "type": "heading",
          "lang": "cordovaHeader"
        },
        {
          "type": "text",
          "lang": "cordovaText"
        },
        {
          "type": "markup",
          "value": "bash_vue_add_cordova"
        }
      ]
    },
    {
      "type": "section",
      "children": [
        {
          "type": "heading",
          "lang": "capacitorHeader"
        },
        {
          "type": "text",
          "lang": "capacitorText"
        },
        {
          "type": "markup",
          "value": "bash_vue_add_capacitor"
        }
      ]
    },
    {
      "type": "section",
      "children": [
        {
          "type": "up-next",
          "value": [
            "introduction/why-vuetify",
            "introduction/frequently-asked-questions",
            "introduction/sponsors-and-backers"
          ]
        }
      ]
    }
  ]
}
