{
  "title": "header",
  "titleText": "headerText",
  "children": [
    {
      "type": "section",
      "children": [
        {
          "type": "alert",
          "lang": "alert",
          "value": "warning"
        },
        {
          "type": "heading",
          "lang": "runnerHeader"
        },
        {
          "type": "text",
          "lang": "runnerText1"
        },
        {
          "type": "text",
          "lang": "runnerText2"
        }
      ]
    },
    {
      "type": "section",
      "children": [
        {
          "type": "heading",
          "lang": "setupHeading"
        },
        {
          "type": "text",
          "lang": "setupText1"
        },
        {
          "type": "markup",
          "value": "js_testing_vue_setup"
        },
        {
          "type": "alert",
          "lang": "setupInfo1",
          "value": "info"
        }
      ]
    },
    {
      "type": "section",
      "children": [
        {
          "type": "heading",
          "lang": "specHeader"
        },
        {
          "type": "text",
          "lang": "specText1"
        },
        {
          "type": "text",
          "lang": "specText2"
        },
        {
          "type": "markup",
          "value": "html_testing_mock_component"
        },
        {
          "type": "text",
          "lang": "specText3"
        },
        {
          "type": "markup",
          "value": "js_testing_mock_component_spec"
        },
        {
          "type": "alert",
          "lang": "specAlert",
          "value": "info"
        },
        {
          "type": "section",
          "children": [
            {
              "type": "heading",
              "lang": "efficiencyHeader"
            },
            {
              "type": "text",
              "lang": "efficiencyText1"
            },
            {
              "type": "text",
              "lang": "efficiencyText2"
            },
            {
              "type": "markup",
              "value": "js_testing_efficiency"
            }
          ]
        },
        {
          "type": "section",
          "children": [
            {
              "type": "heading",
              "lang": "mockHeader"
            },
            {
              "type": "text",
              "lang": "mockText1"
            },
            {
              "type": "markup",
              "value": "js_testing_mock_vuetify"
            },
            {
              "type": "text",
              "lang": "mockText2"
            },
            {
              "type": "markup",
              "value": "js_testing_mock_vuetify_services"
            },
            {
              "type": "text",
              "lang": "mockText3"
            },
            {
              "type": "text",
              "lang": "mockList"
            }
          ]
        }
      ]
    },
    {
      "type": "section",
      "children": [
        {
          "type": "heading",
          "lang": "e2eHeader"
        },
        {
          "type": "text",
          "lang": "e2eText1"
        },
        {
          "type": "text",
          "lang": "e2eText2"
        },
        {
          "type": "markup",
          "value": "html_testing_e2e_data_attributes"
        },
        {
          "type": "markup",
          "value": "js_testing_e2e_data_attributes"
        }
      ]
    },
    {
      "type": "section",
      "children": [
        {
          "type": "up-next",
          "value": [
            "introduction/long-term-support",
            "getting-started/contributing",
            "professional-support/consulting"
          ]
        }
      ]
    }
  ]
}
