{
  "children": [
    {
      "type": "section",
      "children": [
        {
          "type": "heading",
          "lang": "core"
        },
        {
          "type": "text",
          "lang": "coreText"
        },
        {
          "type": "getting-started-why-vuetify"
        }
      ]
    },
    {
      "type": "section",
      "children": [
        {
          "type": "heading",
          "lang": "designHeader"
        },
        {
          "type": "text",
          "lang": "designText"
        }
      ]
    },
    {
      "type": "section",
      "children": [
        {
          "type": "heading",
          "lang": "communityHeader"
        },
        {
          "type": "text",
          "lang": "communityText"
        }
      ]
    },
    {
      "type": "section",
      "children": [
        {
          "type": "heading",
          "lang": "comparisonHeader"
        },
        {
          "type": "text",
          "lang": "comparisonText"
        },
        {
          "type": "base-comparison",
          "value": {
            "outlined": true,
            "elevation": 0
          }
        }
      ]
    },
    {
      "type": "section",
      "children": [
        {
          "type": "up-next",
          "value": [
            "professional-support/consulting",
            "introduction/roadmap",
            "themes/premium"
          ]
        }
      ]
    }
  ]
}
