{
  "Premiere": [
    {
      "name": "QOMPLX",
      "href": "https://www.qomplx.com/",
      "logo": "backers/QOMPLX.png",
      "darkLogo": "backers/QOMPLX-dark.png"
    },
    {
      "name": "Vueconf.US",
      "href": "http://vueconf.us/",
      "logo": "backers/vueconf_us.png",
      "darkLogo": "backers/vueconf_us-dark.png"
    }
  ],
  "Diamond": [
    {
      "name": "LMAX Exchange",
      "href": "https://careers.lmax.com/?utm_source=vuetify&utm_medium=logo-link&utm_campaign=lmax-careers",
      "logo": "backers/lmax-exchange.png"
    },
    {
      "name": "Intygrate",
      "logo": "backers/intygrate.png",
      "href": "https://intygrate.com/"
    },
    {
      "name": "ResaleAI",
      "logo": "backers/resaleai_logo_blue.svg",
      "href": "https://resaleai.com/"
    },
    {
      "name": "VueMastery",
      "logo": "backers/vuemastery.svg",
      "href": "https://vuemastery.com/"
    }
  ],
  "Platinum": [
    {
      "name": "rateGenius",
      "href": "https://application.rategenius.com/",
      "logo": "backers/rate-genius.png"
    },
    {
      "name": "Clearblue Technologies",
      "href": "https://www.clearbluetechnologies.com/",
      "logo": "backers/clear-blue.png"
    },
    {
      "name": "DigitalMaas",
      "href": "https://www.digitalmaas.com/",
      "logo": "backers/digital-maas.svg"
    },
    {
      "name": "BrightTree",
      "href": "https://www.brightree.com/",
      "logo": "backers/brightree-logo-light.png",
      "darkLogo": "backers/brightree-logo-dark.png"
    },
    {
      "name": "Quanted Square",
      "href": "https://analytics.quantedsquare.com/",
      "logo": "backers/quanted-square.svg"
    },
    {
      "name": "HYPE",
      "href": "https://www.hypeinnovation.com/home",
      "darkLogo": "backers/hype-logo-dark.svg",
      "logo": "backers/hype-logo-light.svg"
    }
  ],
  "Collective": [
    {
      "name": "Getform",
      "href": "https://opencollective.com/vuetify/sponsor/1/website",
      "logo": "https://opencollective.com/vuetify/sponsor/1/avatar.svg"
    },
    {
      "name": "Edusson",
      "href": "https://opencollective.com/vuetify/sponsor/2/website",
      "logo": "https://opencollective.com/vuetify/sponsor/2/avatar.svg"
    },
    {
      "name": "PapersOwl",
      "href": "https://opencollective.com/vuetify/sponsor/3/website",
      "logo": "https://opencollective.com/vuetify/sponsor/3/avatar.svg"
    }
  ],
  "Gold": [
    {
      "name": "Deister Software",
      "href": "http://www.deister.es/",
      "logo": "backers/deister-logo-light.png"
    },
    {
      "name": "Zweidenker",
      "href": "https://zweidenker.de/",
      "logo": "backers/zweidenker-logo-grey.svg"
    },
    {
      "name": "Identity Panel",
      "href": "https://support.identitypanel.com/",
      "logo": "backers/identity-panel.png"
    },
    {
      "name": "Hohenstein",
      "href": "https://www.hohenstein.de/en/home/home.xhtml",
      "logo": "backers/hohenstein.svg"
    },
    {
      "name": "P2L Technologies",
      "href": "https://p2l.tech/",
      "logo": "backers/p2l.png"
    },
    {
      "name": "madhead",
      "href": "https://www.madhead.com/",
      "logo": "backers/madhead.png"
    },
    {
      "name": "Elfo",
      "href": "https://www.elfo.net/",
      "logo": "backers/elfo-logo-light.png",
      "darkLogo": "backers/elfo-logo-dark.png"
    },
    {
      "name": "CodeFirst",
      "href": "https://www.codefirst.co.uk/",
      "logo": "backers/code-first.png"
    },
    {
      "name": "Custom Essay Meister",
      "href": "https://www.customessaymeister.com/",
      "logo": "backers/essay-meister.svg"
    },
    {
      "name": "NoteRiot",
      "href": "https://note.riot.ai/",
      "logo": "backers/note-riot.png"
    },
    {
      "name": "blokt",
      "href": "https://blokt.com/",
      "logo": "backers/blokt.png"
    },
    {
      "name": "Toolio",
      "href": "https://www.toolio.com/",
      "logo": "backers/toolio.png"
    },
    {
      "name": "Skale Technologies",
      "href": "http://www.skaletech.com/",
      "logo": "backers/skale.png"
    },
    {
      "name": "EduBirdie",
      "href": "https://edubirdie.com/",
      "logo": "backers/bird.png"
    },
    {
      "name": "ClothingRIC",
      "href": "https://www.clothingric.com/",
      "logo": "backers/clothingric.png"
    },
    {
      "name": "jsDevJobs",
      "href": "https://jsdevjobs.com/",
      "logo": "backers/jsdevjobs-logo-light.png"
    }
  ],
  "affiliate": [
    {
      "name": "VueJobs",
      "logo": "affiliates/vuejobs-logo.svg",
      "href": "https://vuejobs.com/?utm_source=vuejobs&utm_medium=affiliates&utm_campaign=linking"
    },
    {
      "name": "Made with Vue.js",
      "href": "https://madewithvuejs.com",
      "logo": "affiliates/madewithvuejs.png"
    }
  ],
  "service": [
    {
      "name": "Cloudflare",
      "href": "https://www.cloudflare.com/",
      "logo": "sponsors/cloudflare.svg"
    },
    {
      "name": "Browserstack",
      "href": "https://www.browserstack.com/",
      "logo": "sponsors/browser-stack.png"
    },
    {
      "name": "Crowdin",
      "href": "https://www.crowdin.com/",
      "logo": "sponsors/crowdin.png"
    },
    {
      "name": "Zeit Now",
      "href": "https://zeit.co/now",
      "logo": "sponsors/zeit-now.svg"
    },
    {
      "name": "Oh Dear!",
      "href": "https://ohdear.app/",
      "logo": "sponsors/ohdear-inverted.svg",
      "darkLogo": "sponsors/ohdear.svg"
    }
  ]
}
