{
  "title": "header",
  "titleText": "headerText",
  "children": [
    {
      "type": "section",
      "children": [
        {
          "type": "heading",
          "lang": "accessibilityHeader"
        },
        {
          "type": "text",
          "lang": "accessibilityText"
        }
      ]
    },
    {
      "type": "section",
      "children": [
        {
          "type": "heading",
          "lang": "activatorHeader"
        },
        {
          "type": "text",
          "lang": "activatorText1"
        },
        {
          "type": "markup",
          "value": "html_a11y_activator_slots"
        },
        {
          "type": "text",
          "lang": "activatorText2"
        },
        {
          "type": "markup",
          "value": "html_a11y_activator_slots_rendered"
        }
      ]
    },
    {
      "type": "section",
      "children": [
        {
          "type": "heading",
          "lang": "scopedHeader1"
        },
        {
          "type": "text",
          "lang": "scopedText1"
        },
        {
          "type": "text",
          "lang": "scopedText2"
        },
        {
          "type": "markup",
          "value": "html_a11y_select_default"
        },
        {
          "type": "text",
          "lang": "scopedText3"
        },
        {
          "type": "markup",
          "value": "html_a11y_select_content_rendered"
        },
        {
          "type": "text",
          "lang": "scopedText4"
        },
        {
          "type": "example",
          "value": "select_list_item"
        },
        {
          "type": "text",
          "lang": "scopedText5"
        },
        {
          "type": "markup",
          "value": "html_a11y_item_slots"
        },
        {
          "type": "text",
          "lang": "scopedText6"
        }
      ]
    },
    {
      "type": "section",
      "children": [
        {
          "type": "heading",
          "lang": "focusHeader1"
        },
        {
          "type": "text",
          "lang": "focusText1"
        },
        {
          "type": "section",
          "children": [
            {
              "type": "heading",
              "lang": "focusHeader2"
            },
            {
              "type": "text",
              "lang": "focusText2"
            },
            {
              "type": "example",
              "value": "menu"
            },
            {
              "type": "markup",
              "value": "html_a11y_menu_content_rendered"
            },
            {
              "type": "heading",
              "lang": "focusHeader3"
            },
            {
              "type": "text",
              "lang": "focusText3"
            },
            {
              "type": "example",
              "value": "list_item_group"
            },
            {
              "type": "markup",
              "value": "html_a11y_list_item_group_rendered"
            }
          ]
        }
      ]
    },
    {
      "type": "section",
      "children": [
        {
          "type": "heading",
          "lang": "resourcesHeader"
        },
        {
          "type": "text",
          "lang": "resourcesText1"
        },
        {
          "type": "text",
          "lang": "resourcesText2"
        }
      ]
    },
    {
      "type": "section",
      "children": [
        {
          "type": "up-next",
          "value": [
            "customization/rtl",
            "components/menus",
            "components/list-item-groups"
          ]
        }
      ]
    }
  ]
}
