{
  "title": "header",
  "titleText": "headerText",
  "children": [
    {
      "type": "section",
      "children": [
        {
          "type": "alert",
          "lang": "treeshakeWarning",
          "value": "error"
        },
        {
          "type": "heading",
          "lang": "loaderHeader1"
        },
        {
          "type": "text",
          "lang": "loaderText1a"
        },
        {
          "type": "section",
          "children": [
            {
              "type": "heading",
              "lang": "loaderHeader2"
            },
            {
              "type": "text",
              "lang": "loaderText2a"
            },
            {
              "type": "markup",
              "value": "js_a_la_carte_register"
            },
            {
              "type": "alert",
              "lang": "optionsInfo",
              "value": "info"
            }
          ]
        },
        {
          "type": "section",
          "children": [
            {
              "type": "heading",
              "lang": "loaderHeader3"
            },
            {
              "type": "text",
              "lang": "loaderText3a"
            },
            {
              "type": "markup",
              "value": "js_a_la_carte_vue_config"
            }
          ]
        },
        {
          "type": "section",
          "children": [
            {
              "type": "heading",
              "lang": "loaderHeader4"
            },
            {
              "type": "text",
              "lang": "loaderText4a"
            },
            {
              "type": "markup",
              "value": "js_a_la_carte_webpack"
            }
          ]
        }
      ]
    },
    {
      "type": "section",
      "children": [
        {
          "type": "heading",
          "lang": "loaderHeader5"
        },
        {
          "type": "text",
          "lang": "loaderText5a"
        },
        {
          "type": "markup",
          "value": "bash_yarn_install_sass"
        },
        {
          "type": "alert",
          "lang": "sassInfo",
          "value": "info"
        },
        {
          "type": "text",
          "lang": "loaderText5b"
        }
      ]
    },
    {
      "type": "section",
      "children": [
        {
          "type": "heading",
          "lang": "loaderHeader6"
        },
        {
          "type": "text",
          "lang": "loaderText6a"
        },
        {
          "type": "markup",
          "value": "js_vuetify_loader_vue_config"
        },
        {
          "type": "markup",
          "value": "js_vuetify_loader_webpack"
        }
      ]
    },
    {
      "type": "section",
      "children": [
        {
          "type": "heading",
          "lang": "loaderHeader7"
        },
        {
          "type": "text",
          "lang": "loaderText7a"
        },
        {
          "type": "section",
          "children": [
            {
              "type": "heading",
              "lang": "loaderHeader8"
            },
            {
              "type": "text",
              "lang": "loaderText8a"
            },
            {
              "type": "markup",
              "value": "html_a_la_carte_string_tag"
            },
            {
              "type": "markup",
              "value": "js_a_la_carte_manual"
            },
            {
              "type": "text",
              "lang": "loaderText8b"
            },
            {
              "type": "markup",
              "value": "html_a_la_carte_dynamic_component"
            }
          ]
        },
        {
          "type": "section",
          "children": [
            {
              "type": "heading",
              "lang": "loaderHeader9"
            },
            {
              "type": "text",
              "lang": "loaderText9a"
            }
          ]
        }
      ]
    },
    {
      "type": "section",
      "children": [
        {
          "type": "heading",
          "lang": "loaderHeader10"
        },
        {
          "type": "text",
          "lang": "loaderText10a"
        },
        {
          "type": "markup",
          "value": "js_use_vuetify_alacarte"
        },
        {
          "type": "text",
          "lang": "loaderText10b"
        },
        {
          "type": "markup",
          "value": "html_a_la_carte_destructuring"
        }
      ]
    },
    {
      "type": "section",
      "children": [
        {
          "type": "up-next",
          "value": [
            "components/api-explorer"
          ]
        }
      ]
    }
  ]
}
