{
  "title": "header",
  "titleText": "headerText",
  "mdSpec": {
    "version": "2",
    "link": "https://material.io/design/layout/responsive-layout-grid.html#breakpoints"
  },
  "file": "services/breakpoint",
  "children": [
    {
      "type": "layout-grid"
    },
    {
      "type": "section",
      "children": [
        {
          "type": "heading",
          "lang": "breakpointHeader"
        },
        {
          "type": "markup",
          "value": "ts_breakpoint_service_structure"
        },
        {
          "type": "text",
          "lang": "breakpointText1"
        },
        {
          "type": "markup",
          "value": "html_breakpoint_example3"
        }
      ]
    },
    {
      "type": "section",
      "children": [
        {
          "type": "heading",
          "lang": "breakpointHeader1a"
        },
        {
          "type": "text",
          "lang": "customizeThresholdsText1"
        },
        {
          "type": "markup",
          "value": "js_vuetify_thresholds"
        },
        {
          "type": "text",
          "lang": "breakpointText2"
        },
        {
          "type": "markup",
          "value": "html_breakpoint_example2"
        },
        {
          "type": "text",
          "lang": "breakpointText3"
        },
        {
          "type": "markup",
          "value": "html_breakpoint_example1"
        }
      ]
    },
    {
      "type": "section",
      "children": [
        {
          "type": "up-next",
          "value": [
            "directives/resizing",
            "styles/display",
            "styles/alignment"
          ]
        }
      ]
    }
  ]
}
