{
  "title": "header",
  "titleText": "headerText",
  "mdSpec": {
    "version": "2",
    "link": "https://material.io/design/iconography/system-icons.html"
  },
  "children": [
    {
      "type": "section",
      "children": [
        {
          "type": "heading",
          "lang": "Generic.Pages.usage"
        },
        {
          "type": "text",
          "lang": "usageText1"
        },
        {
          "type": "markup",
          "value": "js_vuetify_iconfont"
        },
        {
          "type": "text",
          "lang": "usageText2"
        }
      ]
    },
    {
      "type": "section",
      "children": [
        {
          "type": "heading",
          "lang": "installHeader"
        },
        {
          "type": "text",
          "lang": "installText1"
        },
        {
          "type": "section",
          "children": [
            {
              "type": "heading",
              "lang": "installMDI"
            },
            {
              "type": "text",
              "lang": "installMDIText1"
            },
            {
              "type": "markup",
              "value": "html_material_design_icons_link"
            },
            {
              "type": "text",
              "lang": "installMDIText2"
            },
            {
              "type": "markup",
              "value": "bash_yarn_install_mdi"
            },
            {
              "type": "markup",
              "value": "js_import_mdi"
            }
          ]
        },
        {
          "type": "section",
          "children": [
            {
              "type": "heading",
              "lang": "installMDISvg"
            },
            {
              "type": "text",
              "lang": "installMDISvgText1"
            },
            {
              "type": "markup",
              "value": "bash_yarn_install_mdi_svg"
            },
            {
              "type": "text",
              "lang": "installMDISvgText2"
            },
            {
              "type": "markup",
              "value": "js_import_mdi_svg"
            },
            {
              "type": "text",
              "lang": "installMDISvgText3"
            },
            {
              "type": "markup",
              "value": "html_mdi_svg"
            }
          ]
        },
        {
          "type": "section",
          "children": [
            {
              "type": "heading",
              "lang": "installMD"
            },
            {
              "type": "text",
              "lang": "installMDText1"
            },
            {
              "type": "markup",
              "value": "html_material_icons_link"
            },
            {
              "type": "text",
              "lang": "installMDText2"
            },
            {
              "type": "markup",
              "value": "bash_yarn_install_material_icons"
            },
            {
              "type": "text",
              "lang": "installMDText3"
            },
            {
              "type": "markup",
              "value": "js_import_material_icons"
            }
          ]
        },
        {
          "type": "section",
          "children": [
            {
              "type": "heading",
              "lang": "installFA"
            },
            {
              "type": "text",
              "lang": "installFAText1"
            },
            {
              "type": "markup",
              "value": "html_fa5_link"
            },
            {
              "type": "text",
              "lang": "installFAText2"
            },
            {
              "type": "markup",
              "value": "bash_yarn_install_fa5"
            },
            {
              "type": "text",
              "lang": "installFAText3"
            },
            {
              "type": "markup",
              "value": "js_import_fa5"
            }
          ]
        },
        {
          "type": "section",
          "children": [
            {
              "type": "heading",
              "lang": "installFA4"
            },
            {
              "type": "text",
              "lang": "installFA4Text1"
            },
            {
              "type": "markup",
              "value": "html_fa4_link"
            },
            {
              "type": "text",
              "lang": "installFA4Text2"
            },
            {
              "type": "markup",
              "value": "bash_yarn_install_fa4"
            },
            {
              "type": "text",
              "lang": "installFA4Text3"
            },
            {
              "type": "markup",
              "value": "js_import_fa4"
            }
          ]
        },
        {
          "type": "section",
          "children": [
            {
              "type": "heading",
              "lang": "installFASvg"
            },
            {
              "type": "text",
              "lang": "installFASvgText1"
            },
            {
              "type": "markup",
              "value": "bash_yarn_install_fa_svg"
            },
            {
              "type": "text",
              "lang": "installFASvgText2"
            },
            {
              "type": "markup",
              "value": "js_import_fa_svg"
            }
          ]
        }
      ]
    },
    {
      "type": "section",
      "children": [
        {
          "type": "heading",
          "lang": "customIconsHeader"
        },
        {
          "type": "text",
          "lang": "customIconsText1"
        },
        {
          "type": "markup",
          "value": "js_vuetify_custom_icon"
        },
        {
          "type": "text",
          "lang": "customIconsText1"
        },
        {
          "type": "markup",
          "value": "js_vuetify_custom_icon_preset"
        }
      ]
    },
    {
      "type": "section",
      "children": [
        {
          "type": "heading",
          "lang": "reusableHeader"
        },
        {
          "type": "text",
          "lang": "reusableText1"
        },
        {
          "type": "markup",
          "value": "js_vuetify_reusable_custom_icons"
        },
        {
          "type": "text",
          "lang": "reusableText2"
        },
        {
          "type": "markup",
          "value": "html_vuetify_reusable_custom_icons"
        }
      ]
    },
    {
      "type": "section",
      "children": [
        {
          "type": "heading",
          "lang": "customComponentHeader"
        },
        {
          "type": "text",
          "lang": "customComponentText1"
        },
        {
          "type": "markup",
          "value": "html_custom_icons_custom_component"
        },
        {
          "type": "section",
          "children": [
            {
              "type": "heading",
              "lang": "customFASvg"
            },
            {
              "type": "text",
              "lang": "customFASvgText1"
            },
            {
              "type": "markup",
              "value": "js_vuetify_custom_fa_svg_icons"
            }
          ]
        }
      ]
    },
    {
      "type": "section",
      "children": [
        {
          "type": "heading",
          "lang": "componentIconsHeader"
        },
        {
          "type": "text",
          "lang": "componentIconsText1"
        },
        {
          "type": "markup",
          "value": "js_component_icons_install"
        },
        {
          "type": "text",
          "lang": "componentIconsText2"
        },
        {
          "type": "markup",
          "value": "stylus_component_icon_styles"
        }
      ]
    },
    {
      "type": "section",
      "children": [
        {
          "type": "heading",
          "lang": "usingMissingMaterialIconsHeader"
        },
        {
          "type": "text",
          "lang": "usingMissingMaterialIconsText1"
        },
        {
          "type": "markup",
          "value": "html_using_missing_material_icons_font"
        },
        {
          "type": "text",
          "lang": "usingMissingMaterialIconsText2"
        },
        {
          "type": "markup",
          "value": "html_using_missing_material_icons_component"
        },
        {
          "type": "text",
          "lang": "usingMissingMaterialIconsText3"
        },
        {
          "type": "markup",
          "value": "js_using_missing_material_icons"
        },
        {
          "type": "text",
          "lang": "usingMissingMaterialIconsText4"
        },
        {
          "type": "markup",
          "value": "html_using_missing_material_icons_usage"
        }
      ]
    },
    {
      "type": "section",
      "children": [
        {
          "type": "up-next",
          "value": [
            "components/icons",
            "components/buttons",
            "components/avatars"
          ]
        }
      ]
    }
  ]
}
