{
  "title": "header",
  "titleText": "headerText",
  "mdSpec": {
    "version": "2",
    "link": "https://material.io/design/usability/bidirectionality.html"
  },
  "children": [
    {
      "type": "section",
      "children": [
        {
          "type": "heading",
          "lang": "gettingStarted"
        },
        {
          "type": "text",
          "lang": "gettingStartedText"
        },
        {
          "type": "text",
          "lang": "availableLocalesText"
        },
        {
          "type": "locales"
        },
        {
          "type": "markup",
          "value": "js_vuetify_custom_locale"
        },
        {
          "type": "alert",
          "lang": "alertInfo",
          "value": "info"
        }
      ]
    },
    {
      "type": "section",
      "children": [
        {
          "type": "api",
          "value": ["internationalization"]
        }
      ]
    },
    {
      "type": "section",
      "children": [
        {
          "type": "heading",
          "lang": "createTranslation"
        },
        {
          "type": "text",
          "lang": "createTranslationText"
        },
        {
          "type": "markup",
          "value": "ts_create_translation"
        }
      ]
    },
    {
      "type": "section",
      "children": [
        {
          "type": "heading",
          "lang": "customComponents"
        },
        {
          "type": "text",
          "lang": "customComponentsText"
        },
        {
          "type": "markup",
          "value": "html_vuetify_t_function"
        }
      ]
    },
    {
      "type": "section",
      "children": [
        {
          "type": "heading",
          "lang": "vueI18nHeader"
        },
        {
          "type": "text",
          "lang": "vueI18nText1"
        },
        {
          "type": "text",
          "lang": "vueI18nText2"
        },
        {
          "type": "markup",
          "value": "js_vuei18n_import"
        }
      ]
    },
    {
      "type": "section",
      "children": [
        {
          "type": "up-next",
          "value": [
            "customization/accessibility",
            "customization/rtl"
          ]
        }
      ]
    }
  ]
}
