{
  "title": "header",
  "titleText": "headerText",
  "children": [
    {
      "type": "section",
      "children": [
        {
          "type": "heading",
          "lang": "defaultHeading1"
        },
        {
          "type": "text",
          "lang": "defaultText1a"
        },
        {
          "type": "markup",
          "value": "ts_default_preset"
        }
      ]
    },
    {
      "type": "section",
      "children": [
        {
          "type": "heading",
          "lang": "materialHeading1"
        },
        {
          "type": "text",
          "lang": "materialText1a"
        },
        {
          "type": "alert",
          "lang": "limitationAlert1",
          "value": "info"
        },
        {
          "type": "text",
          "lang": "materialText1b"
        },
        {
          "type": "text",
          "lang": "materialText1c"
        },
        {
          "type": "section",
          "children": [
            {
              "type": "heading",
              "lang": "installHeading2"
            },
            {
              "type": "text",
              "lang": "installText2a"
            },
            {
              "type": "markup",
              "value": "js_vuetify_use_preset"
            },
            {
              "type": "text",
              "lang": "installText2b"
            }
          ]
        },
        {
          "type": "section",
          "children": [
            {
              "type": "heading",
              "lang": "mergeHeading3"
            },
            {
              "type": "text",
              "lang": "mergeText3a"
            },
            {
              "type": "markup",
              "value": "js_vuetify_merge_strategy"
            }
          ]
        }
      ]
    },
    {
      "type": "section",
      "children": [
        {
          "type": "heading",
          "lang": "limitationHeading1"
        },
        {
          "type": "text",
          "lang": "limitationText1a"
        },
        {
          "type": "text",
          "lang": "limitationText1b"
        },
        {
          "type": "section",
          "children": [
            {
              "type": "heading",
              "lang": "limitationHeading2"
            },
            {
              "type": "text",
              "lang": "limitationText2a"
            },
            {
              "type": "markup",
              "value": "html_preset_index_html_fonts"
            }
          ]
        },
        {
          "type": "section",
          "children": [
            {
              "type": "heading",
              "lang": "limitationHeading3"
            },
            {
              "type": "text",
              "lang": "limitationText3a"
            },
            {
              "type": "markup",
              "value": "js_preset_compilation"
            }
          ]
        }
      ]
    },
    {
      "type": "section",
      "children": [
        {
          "type": "heading",
          "lang": "devHeading1"
        },
        {
          "type": "text",
          "lang": "devText1a"
        },
        {
          "type": "text",
          "lang": "devText1b"
        },
        {
          "type": "markup",
          "value": "bash_preset_folder_structure"
        },
        {
          "type": "alert",
          "lang": "devAlert1",
          "value": "warning"
        },
        {
          "type": "section",
          "children": [
            {
              "type": "heading",
              "lang": "devHeading2"
            },
            {
              "type": "text",
              "lang": "devText2a"
            },
            {
              "type": "markup",
              "value": "js_preset_generator"
            }
          ]
        },
        {
          "type": "section",
          "children": [
            {
              "type": "heading",
              "lang": "devHeading3"
            },
            {
              "type": "text",
              "lang": "devText3a"
            },
            {
              "type": "markup",
              "value": "js_preset_index"
            }
          ]
        },
        {
          "type": "section",
          "children": [
            {
              "type": "heading",
              "lang": "devHeading4"
            },
            {
              "type": "text",
              "lang": "devText4a"
            },
            {
              "type": "markup",
              "value": "js_preset_preset_index"
            }
          ]
        },
        {
          "type": "section",
          "children": [
            {
              "type": "heading",
              "lang": "devHeading5"
            },
            {
              "type": "text",
              "lang": "devText5a"
            },
            {
              "type": "markup",
              "value": "sass_preset_overrides_overrides"
            }
          ]
        },
        {
          "type": "section",
          "children": [
            {
              "type": "heading",
              "lang": "devHeading6"
            },
            {
              "type": "text",
              "lang": "devText6a"
            },
            {
              "type": "markup",
              "value": "sass_preset_overrides_variables"
            }
          ]
        }
      ]
    },
    {
      "type": "section",
      "children": [
        {
          "type": "up-next",
          "value": [
            "customization/theme",
            "customization/sass-variables"
          ]
        }
      ]
    }
  ]
}
