{
  "title": "header",
  "titleText": "headerText",
  "children": [
    {
      "type": "section",
      "children": [
        {
          "type": "markup",
          "value": "js_vuetify_rtl"
        },
        {
          "type": "img",
          "lang": "bidText1",
          "value": "accessibility/rtl.png"
        },
        {
          "type": "text",
          "lang": "bidText2"
        },
        {
          "type": "markup",
          "value": "html_vuetify_dynamic_rtl"
        }
      ]
    },
    {
      "type": "section",
      "children": [
        {
          "type": "up-next",
          "value": [
            "customization/accessibility",
            "customization/internationalization"
          ]
        }
      ]
    }
  ]
}
