{
  "title": "header",
  "titleText": "headerText",
  "children": [
    {
      "type": "section",
      "children": [
        {
          "type": "alert",
          "lang": "sassAlert1",
          "value": "warning"
        }
      ]
    },
    {
      "type": "section",
      "children": [
        {
          "type": "heading",
          "lang": "setupHeading"
        },
        {
          "type": "text",
          "lang": "setupText1"
        },
        {
          "type": "text",
          "lang": "setupText2"
        }
      ]
    },
    {
      "type": "section",
      "children": [
        {
          "type": "heading",
          "lang": "nuxtHeading1"
        },
        {
          "type": "text",
          "lang": "nuxtText1a"
        }
      ]
    },
    {
      "type": "section",
      "children": [
        {
          "type": "heading",
          "lang": "webpackHeading"
        },
        {
          "type": "text",
          "lang": "webpackText1"
        },
        {
          "type": "markup",
          "value": "js_webpack_sass_variables"
        }
      ]
    },
    {
      "type": "section",
      "children": [
        {
          "type": "variable-api"
        }
      ]
    },
    {
      "type": "section",
      "children": [
        {
          "type": "heading",
          "lang": "exampleHeading1"
        },
        {
          "type": "text",
          "lang": "exampleText1a"
        },
        {
          "type": "markup",
          "value": "sass_import_vuetify_css"
        }
      ]
    },
    {
      "type": "section",
      "children": [
        {
          "type": "heading",
          "lang": "componentSassImportHeading1"
        },
        {
          "type": "text",
          "lang": "componentSassImportText1a"
        },
        {
          "type": "text",
          "lang": "componentSassImportText1b"
        },
        {
          "type": "markup",
          "value": "sass_component_import_variables"
        },
        {
          "type": "text",
          "lang": "componentSassImportText1c"
        },
        {
          "type": "markup",
          "value": "sass_local_variables"
        },
        {
          "type": "text",
          "lang": "componentSassImportText1d"
        }
      ]
    },
    {
      "type": "section",
      "children": [
        {
          "type": "heading",
          "lang": "caveatsHeading1"
        },
        {
          "type": "text",
          "lang": "caveatsText1a"
        },
        {
          "type": "section",
          "children": [
            {
              "type": "heading",
              "lang": "caveatsHeading2"
            },
            {
              "type": "text",
              "lang": "caveatsText2a"
            },
            {
              "type": "markup",
              "value": "sass_import_variables_limitation"
            }
          ]
        },
        {
          "type": "section",
          "children": [
            {
              "type": "heading",
              "lang": "caveatsHeading3"
            },
            {
              "type": "text",
              "lang": "caveatsText3a"
            },
            {
              "type": "markup",
              "value": "js_preset_compilation"
            }
          ]
        }
      ]
    },
    {
      "type": "section",
      "children": [
        {
          "type": "up-next",
          "value": [
            "styles/colors",
            "customization/theme",
            "customization/presets"
          ]
        }
      ]
    }
  ]
}
