{
  "title": "header",
  "titleText": "headerText",
  "file": "components/VAlert",
  "children": [
    {
      "type": "section",
      "children": [
        {
          "type": "usage-new",
          "value": {
            "booleans": ["dismissible"],
            "sliders": ["elevation"],
            "tabs": [
              "normal",
              "dense",
              "prominent",
              "outlined",
              "text",
              "tile"
            ],
            "selects": [
              {
                "prop": "border",
                "label": "Border",
                "attrs": {
                  "items": [
                    "top",
                    "right",
                    "left",
                    "bottom"
                  ]
                }
              },
              {
                "prop": "color",
                "label": "Color",
                "attrs": {
                  "items": [
                    "red",
                    "orange",
                    "yellow",
                    "green",
                    "blue",
                    "purple"
                  ]
                }
              },
              {
                "prop": "icon",
                "label": "Icon",
                "attrs": {
                  "items": [
                    "mdi-vuetify",
                    "mdi-account"
                  ]
                }
              },
              {
                "prop": "type",
                "label": "Type",
                "attrs": {
                  "items": [
                    "success",
                    "info",
                    "warning",
                    "error"
                  ]
                }
              }
            ]
          }
        }
      ]
    },
    {
      "type": "section",
      "children": [
        {
          "type": "api",
          "value": ["v-alert"]
        }
      ]
    },
    {
      "type": "section",
      "children": [
        {
          "type": "examples",
          "value": [
            "simple/type",
            "simple/border",
            "simple/colored-border",
            "simple/dense",
            "simple/dismissible",
            "simple/icon",
            "simple/outlined",
            "simple/prominent",
            "simple/text",
            "simple/transition",
            "complex/twitter"
          ]
        }
      ]
    },
    {
      "type": "section",
      "children": [
        {
          "type": "accessibility",
          "value": "accessibility"
        }
      ]
    },
    {
      "type": "section",
      "children": [
        {
          "type": "up-next",
          "value": [
            "components/buttons",
            "components/icons",
            "components/snackbars"
          ]
        }
      ]
    }
  ]
}
