{
  "title": "header",
  "titleText": "headerText",
  "file": "components/VAppBar",
  "mdSpec": {
    "version": "2",
    "link": "https://material.io/design/components/app-bars-top.html"
  },
  "children": [
    {
      "type": "section",
      "children": [
        {
          "type": "usage-new",
          "value": {
            "booleans": [
              "image",
              "collapse-on-scroll",
              "dense",
              "flat",
              "hide-on-scroll",
              "inverted-scroll",
              "prominent"
            ],
            "selects": [
              {
                "prop": "color",
                "label": "Color",
                "attrs": {
                  "items": [
                    "primary",
                    "orange",
                    "yellow",
                    "green",
                    "blue",
                    "purple"
                  ]
                }
              }
            ]
          }
        },
        {
          "type": "alert",
          "lang": "Components.Toolbars.buttonMargin",
          "value": "warning"
        }
      ]
    },
    {
      "type": "section",
      "children": [
        {
          "type": "functional",
          "value": "functional"
        }
      ]
    },
    {
      "type": "section",
      "children": [
        {
          "type": "api",
          "value": [
            "v-app-bar",
            "v-app-bar-nav-icon"
          ]
        }
      ]
    },
    {
      "type": "section",
      "children": [
        {
          "type": "examples",
          "value": [
            "simple/dense",
            "simple/prominent",
            "simple/img",
            "simple/hide",
            "simple/collapse",
            "simple/elevate-on-scroll",
            "simple/inverted-scroll",
            "intermediate/app-bar-nav",
            "intermediate/scroll-threshold",
            "complex/img-fade",
            "complex/menu"
          ]
        }
      ]
    },
    {
      "type": "section",
      "children": [
        {
          "type": "up-next",
          "value": [
            "components/toolbars",
            "components/buttons",
            "components/icons"
          ]
        }
      ]
    }
  ]
}
