{
  "title": "header",
  "titleText": "headerText",
  "children": [
    {
      "type": "section",
      "children": [
        {
          "type": "api",
          "value": [
            "v-app",
            "v-content"
          ]
        }
      ]
    },
    {
      "type": "section",
      "children": [
        {
          "type": "alert",
          "lang": "alert1",
          "value": "error"
        },
        {
          "type": "heading",
          "lang": "markupHeader"
        },
        {
          "type": "text",
          "lang": "markupText"
        },
        {
          "type": "text",
          "lang": "markupText2"
        },
        {
          "type": "markup",
          "value": "html_default_markup"
        },
        {
          "type": "alert",
          "lang": "alert2",
          "value": "info"
        }
      ]
    },
    {
      "type": "section",
      "children": [
        {
          "type": "heading",
          "lang": "componentHeader"
        },
        {
          "type": "text",
          "lang": "componentText1"
        },
        {
          "type": "text",
          "lang": "componentText2"
        },
        {
          "type": "text",
          "lang": "componentText3"
        },
        {
          "type": "text",
          "lang": "componentText4"
        },
        {
          "type": "text",
          "lang": "componentText5"
        },
        {
          "type": "img",
          "value": "layouts/app.png",
          "lang": "componentImg"
        }
      ]
    },
    {
      "type": "section",
      "children": [
        {
          "type": "heading",
          "lang": "appHeader"
        },
        {
          "type": "text",
          "lang": "appText1"
        },
        {
          "type": "markup",
          "value": "ts_application_service_structure"
        },
        {
          "type": "text",
          "lang": "appText2"
        },
        {
          "type": "markup",
          "value": "js_application_service_property_reference"
        }
      ]
    },
    {
      "type": "section",
      "children": [
        {
          "type": "accessibility",
          "value": "accessibility"
        }
      ]
    },
    {
      "type": "section",
      "children": [
        {
          "type": "up-next",
          "value": [
            "customization/theme",
            "components/app-bars",
            "components/navigation-drawers"
          ]
        }
      ]
    }
  ]
}
