{
  "title": "header",
  "titleText": "headerText",
  "mdSpec": {
    "version": "2",
    "link": "https://material.io/design/layout/spacing-methods.html#containers-aspect-ratios"
  },
  "children": [
    {
      "type": "section",
      "children": [
        {
          "type": "usage",
          "value": "ratios"
        }
      ]
    },
    {
      "type": "section",
      "children": [
        {
          "type": "api",
          "value": [
            "v-responsive"
          ]
        }
      ]
    },
    {
      "type": "section",
      "children": [
        {
          "type": "up-next",
          "value": [
            "components/cards",
            "components/sheets",
            "components/images"
          ]
        }
      ]
    }
  ]
}
