{
  "title": "header",
  "titleText": "headerText",
  "file": "components/VAutocomplete",
  "mdSpec": {
    "version": "1",
    "link": "https://material.io/archive/guidelines/components/text-fields.html"
  },
  "children": [
    {
      "type": "section",
      "children": [
        {
          "type": "usage-new",
          "value": {
            "selects": [
              {
                "prop": "filter",
                "label": "Filter",
                "attrs": {
                  "items": [
                    "Exact Match",
                    "Search Length > 2 & Loose Match"
                  ]
                }
              }
            ]
          }
        },
        {
          "type": "alert",
          "lang": "Components.Selects.objectAlert",
          "value": "error"
        },
        {
          "type": "alert",
          "lang": "Components.Selects.autoAlert",
          "value": "warning"
        },
        {
          "type": "alert",
          "lang": "Components.Selects.autocompleteAlert",
          "value": "info"
        }
      ]
    },
    {
      "type": "section",
      "children": [
        {
          "type": "api",
          "value": [ "v-autocomplete" ]
        }
      ]
    },
    {
      "type": "section",
      "children": [
        {
          "type": "examples",
          "value": [
            "simple/api",
            "simple/customFilter",
            "simple/dense",
            "intermediate/slots",
            "intermediate/asynchronous",
            "intermediate/advanced",
            "complex/stateSelector"
          ]
        }
      ]
    },
    {
      "type": "section",
      "children": [
        {
          "type": "up-next",
          "value": [
            "components/combobox",
            "components/forms",
            "components/selects"
          ]
        }
      ]
    }
  ]
}
