{
  "title": "header",
  "titleText": "headerText",
  "file": "components/VAvatar",
  "children": [
    {
      "type": "section",
      "children": [
        {
          "type": "usage-new",
          "value": {
            "booleans": [
              "image",
              "tile"
            ],
            "selects": [
              {
                "prop": "color",
                "label": "Colors",
                "attrs": {
                  "items": [
                    "primary",
                    "accent",
                    "warning lighten-2",
                    "teal",
                    "grey lighten-2"
                  ]
                }
              }
            ],
            "sliders": [
              {
                "prop": "size",
                "label": "Size",
                "attrs": {
                  "min": "56",
                  "max": "128"
                }
              }
            ]
          }
        }
      ]
    },
    {
      "type": "section",
      "children": [
        {
          "type": "api",
          "value": ["v-avatar"]
        }
      ]
    },
    {
      "type": "section",
      "children": [
        {
          "type": "examples",
          "value": [
            "simple/size",
            "simple/tile",
            "intermediate/default",
            "intermediate/profile",
            "complex/advanced"
          ]
        }
      ]
    },
    {
      "type": "section",
      "children": [
        {
          "type": "up-next",
          "value": [
            "components/badges",
            "components/icons",
            "components/lists"
          ]
        }
      ]
    }
  ]
}
