{
  "file": "components/VBadge",
  "mdSpec": {
    "version": "2",
    "link": "https://material.io/develop/android/components/badging/"
  },
  "children": [
    {
      "type": "section",
      "children": [
        {
          "type": "usage-new",
          "value": {
            "booleans": [
              "dot",
              "overlap",
              "icon",
              "left",
              "bottom"
            ],
            "tabs": [
              "default",
              "hidden",
              "text",
              "inline",
              "bordered"
            ]
          }
        }
      ]
    },
    {
      "type": "section",
      "children": [
        {
          "type": "api",
          "value": ["v-badge"]
        }
      ]
    },
    {
      "type": "section",
      "children": [
        {
          "type": "examples",
          "value": [
            "simple/tabs",
            "intermediate/hover",
            "complex/dynamic",
            "complex/customization"
          ]
        }
      ]
    },
    {
      "type": "section",
      "children": [
        {
          "type": "up-next",
          "value": [
            "components/avatars",
            "components/icons",
            "components/toolbars"
          ]
        }
      ]
    }
  ]
}
