{
  "title": "header",
  "titleText": "headerText",
  "file": "components/VBanner",
  "mdSpec": {
    "version": "2",
    "link": "https://material.io/design/components/banners.html"
  },
  "children": [
    {
      "type": "section",
      "children": [
        {
          "type": "usage-new",
          "value": {
            "booleans": [
              "action",
              "icon"
            ],
            "sliders": ["elevation"],
            "tabs": [
              "default",
              "single-line",
              "sticky"
            ]
          }
        }
      ]
    },
    {
      "type": "section",
      "children": [
        {
          "type": "api",
          "value": ["v-banner"]
        }
      ]
    },
    {
      "type": "section",
      "children": [
        {
          "type": "examples",
          "value": [
            "simple/single-line",
            "simple/two-line",
            "intermediate/icon-slot",
            "intermediate/icon-event",
            "intermediate/actions-slots"
          ]
        }
      ]
    },
    {
      "type": "section",
      "children": [
        {
          "type": "up-next",
          "value": [
            "components/alerts",
            "components/icons",
            "components/snackbars"
          ]
        }
      ]
    }
  ]
}
