{
  "title": "header",
  "titleText": "headerText",
  "file": "components/VBottomNavigation",
  "mdSpec": {
    "version": "2",
    "link": "https://material.io/design/components/bottom-navigation.html"
  },
  "children": [
    {
      "type": "section",
      "children": [
        {
          "type": "usage",
          "value": "usage"
        }
      ]
    },
    {
      "type": "section",
      "children": [
        {
          "type": "api",
          "value": ["v-bottom-navigation"]
        }
      ]
    },
    {
      "type": "section",
      "children": [
        {
          "type": "examples",
          "value": [
            "simple/color",
            "simple/grow",
            "simple/horizontal",
            "simple/shift",
            "simple/toggle",
            "intermediate/hide-on-scroll",
            "intermediate/scroll-threshold"
          ]
        }
      ]
    },
    {
      "type": "section",
      "children": [
        {
          "type": "up-next",
          "value": [
            "components/buttons",
            "components/icons",
            "components/tabs"
          ]
        }
      ]
    }
  ]
}
