{
  "title": "header",
  "titleText": "headerText",
  "file": "components/VBottomSheet",
  "mdSpec": {
    "version": "2",
    "link": "https://material.io/design/components/sheets-bottom.html"
  },
  "children": [
    {
      "type": "section",
      "children": [
        {
          "type": "usage-new",
          "value": {
            "booleans": [
              "inset",
              "hide-overlay",
              "persistent"
            ]
          }
        }
      ]
    },
    {
      "type": "section",
      "children": [
        {
          "type": "api",
          "value": ["v-bottom-sheet"]
        }
      ]
    },
    {
      "type": "section",
      "children": [
        {
          "type": "examples",
          "value": [
            "simple/persistent",
            "simple/model",
            "simple/inset",
            "complex/player",
            "complex/open-in-list"
          ]
        }
      ]
    },
    {
      "type": "section",
      "children": [
        {
          "type": "up-next",
          "value": [
            "components/dialogs",
            "components/lists",
            "components/menus"
          ]
        }
      ]
    }
  ]
}
