{
  "title": "header",
  "titleText": "headerText",
  "file": "components/VBreadcrumb",
  "children": [
    {
      "type": "section",
      "children": [
        {
          "type": "alert",
          "lang": "headerAlert1",
          "value": "info"
        }
      ]
    },
    {
      "type": "section",
      "children": [
        {
          "type": "usage-new",
          "value": {
            "booleans": [
              "customDivider",
              "large"
            ],
            "selects": [
              {
                "prop": "divider",
                "label": "Divider",
                "attrs": {
                  "items": [
                    "/",
                    "\\",
                    ".",
                    ";",
                    ">",
                    "-"
                  ]
                }
              }
            ]
          }
        }
      ]
    },
    {
      "type": "section",
      "children": [
        {
          "type": "api",
          "value": [
            "v-breadcrumbs",
            "v-breadcrumbs-item"
          ]
        }
      ]
    },
    {
      "type": "section",
      "children": [
        {
          "type": "examples",
          "value": [
            "simple/large",
            "simple/divider",
            "intermediate/icon-dividers",
            "intermediate/item-slot"
          ]
        }
      ]
    },
    {
      "type": "section",
      "children": [
        {
          "type": "up-next",
          "value": [
            "components/buttons",
            "components/navigation-drawers",
            "components/icons"
          ]
        }
      ]
    }
  ]
}
