{
  "title": "header",
  "titleText": "headerText",
  "file": "components/VBtnToggle",
  "mdSpec": {
    "version": "2",
    "link": "https://material.io/design/components/buttons.html#toggle-button"
  },
  "children": [
    {
      "type": "section",
      "children": [
        {
          "type": "usage",
          "value": "usage"
        }
      ]
    },
    {
      "type": "section",
      "children": [
        {
          "type": "api",
          "value": [
            "v-btn-toggle",
            "v-btn"
          ]
        }
      ]
    },
    {
      "type": "section",
      "children": [
        {
          "type": "examples",
          "value": [
            "simple/rounded",
            "simple/mandatory",
            "simple/multiple",
            "intermediate/app-bar",
            "intermediate/qwerty"
          ]
        }
      ]
    },
    {
      "type": "section",
      "children": [
        {
          "type": "up-next",
          "value": [
            "components/buttons",
            "components/icons",
            "components/selection-controls"
          ]
        }
      ]
    }
  ]
}
