{
  "title": "header",
  "titleText": "headerText",
  "file": "components/VButton",
  "mdSpec": {
    "version": "2",
    "link": "https://material.io/design/components/buttons.html"
  },
  "children": [
    {
      "type": "section",
      "children": [
        {
          "type": "usage-new",
          "value": {
            "booleans": [
              "disabled",
              "loading",
              "block"
            ],
            "sliders": [
              {
                "prop": "elevation",
                "attrs": {
                  "min": 0,
                  "max": 24
                },
                "value": 2
              }
            ],
            "selects": [
              {
                "prop": "color",
                "label": "Colors",
                "attrs": {
                  "items": [
                    "deep-purple accent-4",
                    "primary",
                    "secondary",
                    "accent"
                  ]
                }
              },
              {
                "prop": "size",
                "label": "Sizes",
                "attrs": {
                  "items": [
                    "x-small",
                    "small",
                    "large",
                    "x-large"
                  ]
                }
              }
            ],
            "tabs": [
              "raised",
              "depressed",
              "outlined",
              "rounded",
              "text",
              "fab",
              "icon",
              "tile"
            ]
          }
        }
      ]
    },
    {
      "type": "section",
      "children": [
        {
          "type": "api",
          "value": [
            "v-btn",
            "v-btn-toggle"
          ]
        }
      ]
    },
    {
      "type": "section",
      "children": [
        {
          "type": "alert",
          "lang": "alert",
          "value": "warning"
        },
        {
          "type": "examples",
          "value": [
            "simple/flat",
            "simple/raised",
            "simple/depressed",
            "simple/dropdown",
            "simple/icon",
            "simple/floating",
            "simple/sizing",
            "simple/outlined",
            "simple/rounded",
            "simple/tile",
            "simple/block",
            "intermediate/loaders"
          ]
        }
      ]
    },
    {
      "type": "section",
      "children": [
        {
          "type": "up-next",
          "value": [
            "components/button-groups",
            "components/icons",
            "components/floating-action-buttons"
          ]
        }
      ]
    }
  ]
}
