{
  "title": "header",
  "titleText": "headerText",
  "file": "components/VCalendar",
  "children": [
    {
      "type": "section",
      "children": [
        {
          "type": "usage",
          "value": "usage"
        }
      ]
    },
    {
      "type": "section",
      "children": [
        {
          "type": "api",
          "value": [
            "v-calendar",
            "v-calendar-daily",
            "v-calendar-monthly",
            "v-calendar-weekly"
          ]
        }
      ]
    },
    {
      "type": "section",
      "children": [
        {
          "type": "playground",
          "value": "playground"
        }
      ]
    },
    {
      "type": "section",
      "children": [
        {
          "type": "examples",
          "value": [
            "simple/weekly",
            "simple/daily",
            "intermediate/slots",
            "complex/events"
          ]
        }
      ]
    },
    {
      "type": "section",
      "children": [
        {
          "type": "up-next",
          "value": [
            "components/date-pickers",
            "components/time-pickers",
            "components/cards"
          ]
        }
      ]
    }
  ]
}
