{
  "title": "header",
  "titleText": "headerText",
  "file": "components/VCard",
  "mdSpec": {
    "version": "2",
    "link": "https://material.io/design/components/cards.html"
  },
  "children": [
    {
      "type": "section",
      "children": [
        {
          "type": "usage-new",
          "value": {
            "booleans": [
              "disabled",
              "loading",
              "image",
              {
                "prop": "subtitle",
                "value": true
              },
              {
                "prop": "supportingText",
                "value": true
              }
            ],
            "sliders": [
              {
                "prop": "elevation",
                "attrs": {
                  "min": 2,
                  "max": 24
                },
                "value": 2
              }
            ],
            "tabs": [
              "default",
              "outlined",
              "raised",
              "shaped",
              "tile"
            ]
          }
        }
      ]
    },
    {
      "type": "section",
      "children": [
        {
          "type": "functional",
          "value": "functional"
        }
      ]
    },
    {
      "type": "section",
      "children": [
        {
          "type": "api",
          "value": [
            "v-card",
            "v-card-actions",
            "v-card-subtitle",
            "v-card-text",
            "v-card-title"
          ]
        }
      ]
    },
    {
      "type": "section",
      "children": [
        {
          "type": "examples",
          "value": [
            "simple/outlined",
            "intermediate/intermediate",
            "intermediate/info-card",
            "intermediate/media-with-text",
            "intermediate/grids",
            "complex/horizontal",
            "complex/custom-actions",
            "complex/twitter-card",
            "complex/loading",
            "complex/weather",
            "complex/advanced"
          ]
        }
      ]
    },
    {
      "type": "section",
      "children": [
        {
          "type": "up-next",
          "value": [
            "components/buttons",
            "components/images",
            "styles/typography"
          ]
        }
      ]
    }
  ]
}
