{
  "title": "header",
  "titleText": "headerText",
  "file": "components/VCarousel",
  "children": [
    {
      "type": "section",
      "children": [
        {
          "type": "usage-new",
          "value": {
            "booleans": [
              "show-arrows",
              "hide-delimiters",
              "cycle"
            ]
          }
        },
        {
          "type": "heading",
          "lang": "subComponentsHeader"
        },
        {
          "type": "text",
          "lang": "subComponentsList"
        }
      ]
    },
    {
      "type": "section",
      "children": [
        {
          "type": "api",
          "value": [
            "v-carousel",
            "v-carousel-item"
          ]
        }
      ]
    },
    {
      "type": "section",
      "children": [
        {
          "type": "examples",
          "value": [
            "simple/cycle",
            "simple/custom-transition",
            "simple/custom-icons",
            "simple/hide-controls",
            "simple/hide-delimiters",
            "intermediate/model"
          ]
        }
      ]
    },
    {
      "type": "section",
      "children": [
        {
          "type": "up-next",
          "value": [
            "components/parallax",
            "components/images",
            "components/windows"
          ]
        }
      ]
    }
  ]
}
