{
  "title": "header",
  "titleText": "headerText",
  "file": "components/VChipGroup",
  "mdSpec": {
    "version": "2",
    "link": "https://material.io/design/components/chips.html#input-chips"
  },
  "children": [
    {
      "type": "section",
      "children": [
        {
          "type": "usage-new",
          "value": {
            "booleans": [
              "column",
              "mandatory",
              "multiple"
            ]
          }
        }
      ]
    },
    {
      "type": "section",
      "children": [
        {
          "type": "api",
          "value": [
            "v-chip-group",
            "v-chip"
          ]
        }
      ]
    },
    {
      "type": "section",
      "children": [
        {
          "type": "examples",
          "value": [
            "simple/column",
            "simple/mandatory",
            "simple/multiple",
            "intermediate/toothbrush",
            "intermediate/blouse",
            "complex/filter-results"
          ]
        }
      ]
    },
    {
      "type": "section",
      "children": [
        {
          "type": "up-next",
          "value": [
            "components/chips",
            "components/slide-groups",
            "components/item-groups"
          ]
        }
      ]
    }
  ]
}
