{
  "title": "header",
  "titleText": "headerText",
  "file": "components/VChip",
  "mdSpec": {
    "version": "2",
    "link": "https://material.io/design/components/chips.html"
  },
  "children": [
    {
      "type": "section",
      "children": [
        {
          "type": "usage-new",
          "value": {
            "selects": [
              {
                "prop": "close-icon",
                "label": "Close icon",
                "attrs": {
                  "items": [
                    "mdi-close-outline",
                    "mdi-close",
                    "mdi-delete"
                  ]
                }
              },
              {
                "prop": "icon",
                "label": "Icon",
                "attrs": {
                  "items": [
                    "mdi-plus",
                    "mdi-vuetify",
                    "mdi-google"
                  ]
                }
              },
              {
                "prop": "color",
                "label": "Color",
                "attrs": {
                  "items": [
                    "red",
                    "orange",
                    "yellow",
                    "green",
                    "blue",
                    "purple"
                  ]
                }
              }
            ],
            "booleans": [
              "close",
              "avatar",
              "value"
            ],
            "tabs": [
              "filter",
              "label",
              "link",
              "outlined",
              "pill"
            ]
          }
        }
      ]
    },
    {
      "type": "section",
      "children": [
        {
          "type": "api",
          "value": ["v-chip"]
        }
      ]
    },
    {
      "type": "section",
      "children": [
        {
          "type": "examples",
          "value": [
            "simple/colored",
            "simple/icon",
            "simple/outlined",
            "simple/label",
            "simple/sizes",
            "simple/draggable",
            "simple/filter",
            "simple/no-ripple",
            "intermediate/closable",
            "intermediate/action-chips",
            "intermediate/in-selects",
            "complex/photos",
            "complex/filtering",
            "complex/expandable"
          ]
        }
      ]
    },
    {
      "type": "section",
      "children": [
        {
          "type": "up-next",
          "value": [
            "components/avatars",
            "components/icons",
            "components/selects"
          ]
        }
      ]
    }
  ]
}
