{
  "title": "header",
  "titleText": "headerText",
  "file": "components/VCombobox",
  "children": [
    {
      "type": "section",
      "children": [
        {
          "type": "usage-new",
          "value": {
            "booleans": [
              "hide-selected",
              "multiple",
              "persistent-hint",
              "small-chips",
              "clearable"
            ],
            "selects": [
              {
                "prop": "type",
                "label": "Type",
                "attrs": {
                  "items": [
                    "filled",
                    "outlined",
                    "solo"
                  ]
                }
              }
            ]
          }
        },
        {
          "type": "alert",
          "lang": "Components.Selects.objectAlert",
          "value": "error"
        },
        {
          "type": "alert",
          "lang": "Components.Selects.autoAlert",
          "value": "warning"
        },
        {
          "type": "alert",
          "lang": "Components.Selects.autocompleteAlert",
          "value": "info"
        }
      ]
    },
    {
      "type": "section",
      "children": [
        {
          "type": "api",
          "value": [ "v-combobox" ]
        }
      ]
    },
    {
      "type": "section",
      "children": [
        {
          "type": "examples",
          "value": [
            "simple/combobox-multiple",
            "simple/dense",
            "intermediate/no-data",
            "intermediate/advanced"
          ]
        }
      ]
    },
    {
      "type": "section",
      "children": [
        {
          "type": "up-next",
          "value": [
            "components/autocompletes",
            "components/forms",
            "components/selects"
          ]
        }
      ]
    }
  ]
}
