{
  "title": "header",
  "titleText": "headerText",
  "file": "components/VDataTable",
  "mdSpec": {
    "version": "2",
    "link": "https://material.io/design/components/data-tables.html"
  },
  "children": [
    {
      "type": "section",
      "children": [
        {
          "type": "usage",
          "value": "usage"
        }
      ]
    },
    {
      "type": "section",
      "children": [
        {
          "type": "api",
          "value": [
            "v-data-table",
            "v-data-footer",
            "v-edit-dialog",
            "v-simple-checkbox"
          ]
        }
      ]
    },
    {
      "type": "section",
      "children": [
        {
          "type": "examples",
          "value": [
            "simple/select",
            "simple/group",
            "simple/multi-sort",
            "simple/search",
            "simple/headerless",
            "simple/loading",
            "simple/dense",
            "simple/footer-props",
            "simple/filterable-columns",
            "intermediate/slots",
            "intermediate/simple-checkbox",
            "intermediate/expand",
            "intermediate/custom-filter",
            "intermediate/customize-header",
            "intermediate/customize-rows",
            "intermediate/paginate",
            "intermediate/sort",
            "intermediate/server",
            "complex/edit-dialog",
            "complex/crud"
          ]
        }
      ]
    },
    {
      "type": "section",
      "children": [
        {
          "type": "up-next",
          "value": [
            "components/data-iterator",
            "components/simple-tables",
            "components/lists"
          ]
        }
      ]
    }
  ]
}
