{
  "title": "header",
  "titleText": "headerText",
  "file": "components/VDataIterator",
  "children": [
    {
      "type": "section",
      "children": [
        {
          "type": "usage-new",
          "value": {
            "booleans": [
              "disable-filtering",
              "disable-pagination",
              "disable-sort",
              "hide-default-footer"
            ]
          }
        }
      ]
    },
    {
      "type": "section",
      "children": [
        {
          "type": "api",
          "value": [
            "v-data-iterator",
            "v-data-footer"
          ]
        }
      ]
    },
    {
      "type": "section",
      "children": [
        {
          "type": "examples",
          "value": [
            "slots",
            "expand",
            "filter"
          ]
        }
      ]
    },
    {
      "type": "section",
      "children": [
        {
          "type": "up-next",
          "value": [
            "components/data-tables",
            "components/simple-tables",
            "components/toolbars"
          ]
        }
      ]
    }
  ]
}
