{
  "title": "header",
  "titleText": "headerText",
  "file": "components/VDatePicker",
  "mdSpec": {
    "version": "1",
    "link": "https://material.io/archive/guidelines/components/pickers.html#pickers-date-pickers"
  },
  "children": [
    {
      "type": "section",
      "children": [
        {
          "type": "usage",
          "value": "usage"
        }
      ]
    },
    {
      "type": "section",
      "children": [
        {
          "type": "api",
          "value": [ "v-date-picker" ]
        }
      ]
    },
    {
      "type": "section",
      "children": [
        {
          "type": "playground",
          "value": "playground"
        }
      ]
    },
    {
      "type": "section",
      "children": [
        {
          "type": "examples",
          "value": [
            "simple/date-colorable",
            "simple/date-allowed-dates",
            "simple/date-width",
            "simple/date-picker-date",
            "simple/date-internationalization",
            "simple/date-icons",
            "simple/date-readonly",
            "simple/date-current",
            "simple/month-light",
            "simple/month-colorable",
            "simple/month-allowed-months",
            "simple/month-multiple",
            "simple/month-width",
            "simple/month-internationalization",
            "simple/month-icons",
            "simple/month-readonly",
            "simple/month-current",
            "intermediate/date-dialog-and-menu",
            "intermediate/date-formatting",
            "intermediate/date-formatting-moment-datefns",
            "intermediate/date-multiple",
            "intermediate/date-range",
            "intermediate/date-birthday",
            "intermediate/date-events",
            "intermediate/month-dialog-and-menu"
          ]
        }
      ]
    },
    {
      "type": "section",
      "children": [
        {
          "type": "up-next",
          "value": [
            "components/buttons",
            "components/text-fields",
            "components/time-pickers"
          ]
        }
      ]
    }
  ]
}
