{
  "title": "header",
  "titleText": "headerText",
  "file": "components/VDialog",
  "mdSpec": {
    "version": "2",
    "link": "https://material.io/design/components/dialogs.html"
  },
  "children": [
    {
      "type": "section",
      "children": [
        {
          "type": "usage",
          "value": "usage"
        }
      ]
    },
    {
      "type": "section",
      "children": [
        {
          "type": "api",
          "value": ["v-dialog"]
        }
      ]
    },
    {
      "type": "section",
      "children": [
        {
          "type": "examples",
          "value": [
            "simple/without-activator",
            "simple/modal",
            "simple/scrollable",
            "simple/overflowed",
            "intermediate/form",
            "intermediate/loader",
            "intermediate/fullscreen",
            "complex/advanced"
          ]
        }
      ]
    },
    {
      "type": "section",
      "children": [
        {
          "type": "up-next",
          "value": [
            "components/buttons",
            "components/cards",
            "components/menus"
          ]
        }
      ]
    }
  ]
}
