{
  "title": "header",
  "titleText": "headerText",
  "file": "components/VDivider",
  "mdSpec": {
    "version": "2",
    "link": "https://material.io/design/components/dividers.html"
  },
  "children": [
    {
      "type": "section",
      "children": [
        {
          "type": "usage",
          "value": "usage"
        }
      ]
    },
    {
      "type": "section",
      "children": [
        {
          "type": "api",
          "value": ["v-divider"]
        }
      ]
    },
    {
      "type": "section",
      "children": [
        {
          "type": "playground",
          "value": "playground"
        }
      ]
    },
    {
      "type": "section",
      "children": [
        {
          "type": "examples",
          "value": [
            "simple/inset",
            "simple/vertical",
            "simple/vertical-inset",
            "intermediate/subheaders",
            "intermediate/divider-list-portrait"
          ]
        }
      ]
    },
    {
      "type": "section",
      "children": [
        {
          "type": "accessibility",
          "value": "accessibility"
        }
      ]
    },
    {
      "type": "section",
      "children": [
        {
          "type": "up-next",
          "value": [
            "components/lists",
            "components/navigation-drawers",
            "components/toolbars"
          ]
        }
      ]
    }
  ]
}
