{
  "title": "header",
  "titleText": "headerText",
  "file": "components/VExpansionPanel",
  "mdSpec": {
    "version": "1",
    "link": "https://material.io/archive/guidelines/components/expansion-panels.html"
  },
  "children": [
    {
      "type": "section",
      "children": [
        {
          "type": "usage",
          "value": "usage"
        }
      ]
    },
    {
      "type": "section",
      "children": [
        {
          "type": "api",
          "value": [
            "v-expansion-panels",
            "v-expansion-panel",
            "v-expansion-panel-header",
            "v-expansion-panel-content"
          ]
        }
      ]
    },
    {
      "type": "section",
      "children": [
        {
          "type": "playground",
          "value": "playground"
        }
      ]
    },
    {
      "type": "section",
      "children": [
        {
          "type": "examples",
          "value": [
            "simple/disabled",
            "simple/readonly",
            "simple/popout",
            "simple/inset",
            "simple/accordion",
            "simple/focusable",
            "intermediate/external",
            "intermediate/custom-icons",
            "complex/advanced"
          ]
        }
      ]
    },
    {
      "type": "section",
      "children": [
        {
          "type": "up-next",
          "value": [
            "components/cards",
            "components/data-tables",
            "components/lists"
          ]
        }
      ]
    }
  ]
}
