{
  "title": "header",
  "titleText": "headerText",
  "file": "components/VFileInput",
  "children": [
    {
      "type": "section",
      "children": [
        {
          "type": "usage-new",
          "value": {
            "booleans": [
              "chips",
              "counter",
              "disabled",
              "show-size"
            ]
          }
        }
      ]
    },
    {
      "type": "section",
      "children": [
        {
          "type": "api",
          "value": ["v-file-input"]
        }
      ]
    },
    {
      "type": "section",
      "children": [
        {
          "type": "examples",
          "value": [
            "simple/multiple",
            "simple/accept",
            "simple/chips",
            "simple/size",
            "simple/counter",
            "simple/custom-icon",
            "simple/dense",
            "intermediate/selection",
            "intermediate/validation",
            "complex/advanced"
          ]
        }
      ]
    },
    {
      "type": "section",
      "children": [
        {
          "type": "up-next",
          "value": [
            "components/text-fields",
            "components/forms",
            "components/icons"
          ]
        }
      ]
    }
  ]
}
