{
  "title": "header",
  "titleText": "headerText",
  "file": "components/VFooter",
  "children": [
    {
      "type": "section",
      "children": [
        {
          "type": "usage",
          "value": "usage"
        }
      ]
    },
    {
      "type": "section",
      "children": [
        {
          "type": "api",
          "value": ["v-footer"]
        }
      ]
    },
    {
      "type": "section",
      "children": [
        {
          "type": "playground",
          "value": "playground"
        }
      ]
    },
    {
      "type": "section",
      "children": [
        {
          "type": "examples",
          "value": [
            "simple/absolute",
            "simple/padless",
            "intermediate/company-footer",
            "intermediate/indigo-footer",
            "intermediate/teal-footer"
          ]
        }
      ]
    },
    {
      "type": "section",
      "children": [
        {
          "type": "up-next",
          "value": [
            "components/grids",
            "components/buttons",
            "components/toolbars"
          ]
        }
      ]
    }
  ]
}
