{
  "title": "header",
  "titleText": "headerText",
  "file": "components/VForm",
  "children": [
    {
      "type": "section",
      "children": [
        {
          "type": "usage",
          "value": "usage"
        }
      ]
    },
    {
      "type": "section",
      "children": [
        {
          "type": "api",
          "value": [ "v-form" ]
        }
      ]
    },
    {
      "type": "section",
      "children": [
        {
          "type": "playground",
          "value": "playground"
        }
      ]
    },
    {
      "type": "section",
      "children": [
        {
          "type": "examples",
          "value": [
            "simple/rules",
            "simple/validation-with-submit-and-clear",
            "intermediate/vuelidate",
            "intermediate/vee-validate"
          ]
        }
      ]
    },
    {
      "type": "section",
      "children": [
        {
          "type": "up-next",
          "value": [
            "components/selects",
            "components/selection-controls",
            "components/text-fields"
          ]
        }
      ]
    }
  ]
}
