{
  "title": "header",
  "titleText": "headerText",
  "mdSpec": {
    "version": "2",
    "link": "https://material.io/design/layout/responsive-layout-grid.html"
  },
  "children": [
    {
      "type": "layout-grid"
    },
    {
      "type": "section",
      "children": [
        {
          "type": "usage",
          "value": "usage"
        }
      ]
    },
    {
      "type": "section",
      "children": [
        {
          "type": "api",
          "lang": "grids",
          "value": [
            "v-container",
            "v-layout",
            "v-flex",
            "v-spacer"
          ]
        }
      ]
    },
    {
      "type": "section",
      "children": [
        {
          "type": "examples",
          "value": [
            "subheader"
          ]
        }
      ]
    },
    {
      "type": "section",
      "children": [
        {
          "type": "up-next",
          "value": [
            "components/grids",
            "components/images",
            "components/cards"
          ]
        }
      ]
    }
  ]
}
