{
  "title": "header",
  "titleText": "headerText",
  "mdSpec": {
    "version": "2",
    "link": "https://material.io/design/layout/responsive-layout-grid.html"
  },
  "children": [
    {
      "type": "section",
      "children": [
        {
          "type": "alert",
          "lang": "headerAlert1",
          "value": "info"
        }
      ]
    },
    {
      "type": "layout-grid"
    },
    {
      "type": "section",
      "children": [
        {
          "type": "usage",
          "value": "usage"
        },
        {
          "type": "text",
          "lang": "usageText2"
        },
        {
          "type": "text",
          "lang": "usageList"
        },
        {
          "type": "text",
          "lang": "usageText3"
        },
        {
          "type": "alert",
          "lang": "usageAlert1",
          "value": "info"
        }
      ]
    },
    {
      "type": "section",
      "children": [
        {
          "type": "api",
          "value": [
            "v-container",
            "v-row",
            "v-col",
            "v-spacer"
          ]
        }
      ]
    },
    {
      "type": "section",
      "children": [
        {
          "type": "playground",
          "value": "playground"
        }
      ]
    },
    {
      "type": "section",
      "children": [
        {
          "type": "examples",
          "value": [
            "simple/auto",
            "simple/equal",
            "simple/one-column-width",
            "intermediate/variable-content",
            "intermediate/grow-shrink",
            "intermediate/row-column-breakpoint",
            "intermediate/unique-layouts",
            "simple/vertical-alignment",
            "simple/horizontal-alignment",
            "simple/no-gutters",
            "intermediate/wrapping",
            "advanced/order",
            "advanced/order-first-last",
            "advanced/offset",
            "advanced/offset-breakpoint",
            "intermediate/margin",
            "advanced/nested-grid",
            "simple/spacer"
          ]
        }
      ]
    },
    {
      "type": "section",
      "children": [
        {
          "type": "up-next",
          "value": [
            "styles/flex",
            "customization/breakpoints",
            "styles/display"
          ]
        }
      ]
    }
  ]
}
