{
  "title": "header",
  "titleText": "headerText",
  "file": "components/VHover",
  "children": [
    {
      "type": "section",
      "children": [
        {
          "type": "usage-new",
          "value": {
            "booleans": [
              "value",
              "disabled"
            ],
            "sliders": [
              {
                "prop": "open-delay",
                "attrs": {
                  "min": 0,
                  "max": 1000
                }
              },
              {
                "prop": "close-delay",
                "attrs": {
                  "min": 0,
                  "max": 1000
                }
              }
            ]
          }
        }
      ]
    },
    {
      "type": "section",
      "children": [
        {
          "type": "api",
          "value": ["v-hover"]
        }
      ]
    },
    {
      "type": "section",
      "children": [
        {
          "type": "examples",
          "value": [
            "simple/disabled",
            "simple/open-and-close-delay",
            "complex/hover-list",
            "complex/transition"
          ]
        }
      ]
    },
    {
      "type": "section",
      "children": [
        {
          "type": "up-next",
          "value": [
            "components/cards",
            "components/images",
            "components/tooltips"
          ]
        }
      ]
    }
  ]
}
