{
  "title": "header",
  "titleText": "headerText",
  "file": "components/VIcon",
  "mdSpec": {
    "version": "2",
    "link": "https://material.io/design/iconography/system-icons.html"
  },
  "children": [
    {
      "type": "section",
      "children": [
        {
          "type": "usage-new",
          "value": {
            "booleans": [
              "dense"
            ],
            "selects": [
              {
                "prop": "icon",
                "label": "Icon",
                "attrs": {
                  "items": [
                    "mdi-plus",
                    "mdi-minus",
                    "mdi-access-point",
                    "mdi-antenna"
                  ]
                }
              },
              {
                "prop": "size",
                "label": "Size",
                "attrs": {
                  "items": [
                    "x-small",
                    "small",
                    "medium",
                    "large",
                    "x-large"
                  ]
                }
              },
              {
                "prop": "color",
                "label": "Color",
                "attrs": {
                  "items": [
                    "red",
                    "orange",
                    "yellow",
                    "green",
                    "blue",
                    "purple"
                  ]
                }
              }
            ]
          }
        }
      ]
    },
    {
      "type": "section",
      "children": [
        {
          "type": "api",
          "value": ["v-icon"]
        }
      ]
    },
    {
      "type": "section",
      "children": [
        {
          "type": "examples",
          "value": [
            "simple/md",
            "simple/font-awesome",
            "simple/color",
            "intermediate/buttons",
            "intermediate/clickable",
            "complex/mdi-svg"
          ]
        }
      ]
    },
    {
      "type": "section",
      "children": [
        {
          "type": "up-next",
          "value": [
            "customization/icons",
            "components/buttons",
            "components/cards"
          ]
        }
      ]
    }
  ]
}
