{
  "title": "header",
  "titleText": "headerText",
  "file": "components/VImg",
  "mdSpec": {
    "version": "2",
    "link": "https://material.io/design/communication/imagery.html"
  },
  "children": [
    {
      "type": "section",
      "children": [
        {
          "type": "alert",
          "lang": "alert1",
          "value": "info"
        }
      ]
    },
    {
      "type": "section",
      "children": [
        {
          "type": "usage-new",
          "value": {
            "booleans": [
              "contain"
            ],
            "sliders": [
              {
                "prop": "max-width",
                "attrs": {
                  "min": 0,
                  "max": 500
                }
              },
              {
                "prop": "max-height",
                "attrs": {
                  "min": 0,
                  "max": 300
                }
              }
            ]
          }
        }
      ]
    },
    {
      "type": "section",
      "children": [
        {
          "type": "api",
          "value": ["v-img"]
        }
      ]
    },
    {
      "type": "section",
      "children": [
        {
          "type": "examples",
          "value": [
            "simple/contain-cover",
            "simple/max-height",
            "simple/ratio",
            "simple/placeholder",
            "intermediate/gradients",
            "intermediate/grid"
          ]
        }
      ]
    },
    {
      "type": "section",
      "children": [
        {
          "type": "up-next",
          "value": [
            "components/grids",
            "components/aspect-ratios",
            "components/parallax"
          ]
        }
      ]
    }
  ]
}
