{
  "title": "header",
  "titleText": "headerText",
  "file": "components/VInput",
  "children": [
    {
      "type": "section",
      "children": [
        {
          "type": "usage",
          "value": "usage"
        },
        {
          "type": "alert",
          "lang": "attributesAlert",
          "value": "info"
        }
      ]
    },
    {
      "type": "section",
      "children": [
        {
          "type": "api",
          "value": ["v-input"]
        }
      ]
    },
    {
      "type": "section",
      "children": [
        {
          "type": "playground",
          "value": "playground"
        }
      ]
    },
    {
      "type": "section",
      "children": [
        {
          "type": "examples",
          "value": [
            "simple/loading",
            "simple/hint",
            "simple/success",
            "simple/error",
            "simple/multi-error",
            "intermediate/rules",
            "intermediate/hide-details",
            "intermediate/slots",
            "intermediate/slot-events"
          ]
        }
      ]
    },
    {
      "type": "section",
      "children": [
        {
          "type": "up-next",
          "value": [
            "components/forms",
            "components/selects",
            "components/text-fields"
          ]
        }
      ]
    }
  ]
}
