{
  "title": "header",
  "titleText": "headerText",
  "file": "components/VItemGroup",
  "children": [
    {
      "type": "section",
      "children": [
        {
          "type": "usage",
          "value": "usage"
        }
      ]
    },
    {
      "type": "section",
      "children": [
        {
          "type": "api",
          "value": [
            "v-item-group",
            "v-item"
          ]
        }
      ]
    },
    {
      "type": "section",
      "children": [
        {
          "type": "playground",
          "value": "playground"
        }
      ]
    },
    {
      "type": "section",
      "children": [
        {
          "type": "examples",
          "value": [
            "simple/multiple",
            "simple/mandatory",
            "simple/active-class",
            "intermediate/toggle-pictures",
            "complex/post"
          ]
        }
      ]
    },
    {
      "type": "section",
      "children": [
        {
          "type": "up-next",
          "value": [
            "components/button-groups",
            "components/carousels",
            "components/tabs"
          ]
        }
      ]
    }
  ]
}
