{
  "title": "header",
  "titleText": "headerText",
  "file": "components/VLazy",
  "children": [
    {
      "type": "section",
      "children": [
        {
          "type": "alert",
          "lang": "lazyAlert",
          "value": "info"
        }
      ]
    },
    {
      "type": "section",
      "children": [
        {
          "type": "usage",
          "value": "usage"
        }
      ]
    },
    {
      "type": "section",
      "children": [
        {
          "type": "api",
          "value": ["v-lazy"]
        }
      ]
    },
    {
      "type": "section",
      "children": [
        {
          "type": "up-next",
          "value": [
            "components/badges",
            "components/icons",
            "components/lists"
          ]
        }
      ]
    }
  ]
}
