{
  "title": "header",
  "titleText": "headerText",
  "file": "components/VList",
  "mdSpec": {
    "version": "2",
    "link": "https://material.io/design/components/lists.html"
  },
  "children": [
    {
      "type": "section",
      "children": [
        {
          "type": "alert",
          "lang": "alert1",
          "value": "info"
        }
      ]
    },
    {
      "type": "section",
      "children": [
        {
          "type": "usage",
          "value": "usage"
        }
      ]
    },
    {
      "type": "section",
      "children": [
        {
          "type": "api",
          "value": [
            "v-list",
            "v-list-item",
            "v-list-group",
            "v-list-item-action",
            "v-list-item-avatar",
            "v-list-item-content",
            "v-list-item-icon",
            "v-list-item-title",
            "v-list-item-subtitle",
            "v-list-item-action-text"
          ]
        }
      ]
    },
    {
      "type": "section",
      "children": [
        {
          "type": "playground",
          "value": "playground"
        }
      ]
    },
    {
      "type": "section",
      "children": [
        {
          "type": "examples",
          "value": [
            "simple/disabled",
            "simple/shaped",
            "simple/dense",
            "simple/flat",
            "simple/rounded",
            "intermediate/avatar-title-and-action",
            "intermediate/icon-two-lines-and-action",
            "intermediate/avatar-three-lines",
            "intermediate/avatar-subheader-title-and-action",
            "intermediate/nested",
            "intermediate/subheadings-and-dividers",
            "intermediate/card-list",
            "intermediate/title-subtitle-actions-and-action-text",
            "intermediate/action-title-and-subtitle",
            "intermediate/expansion-lists",
            "intermediate/nav"
          ]
        }
      ]
    },
    {
      "type": "section",
      "children": [
        {
          "type": "up-next",
          "value": [
            "components/item-groups",
            "components/list-item-groups",
            "components/subheaders"
          ]
        }
      ]
    }
  ]
}
