{
  "title": "header",
  "titleText": "headerText",
  "file": "components/VList/VListItemGroup.ts",
  "children": [
    {
      "type": "section",
      "children": [
        {
          "type": "usage",
          "value": "usage"
        }
      ]
    },
    {
      "type": "section",
      "children": [
        {
          "type": "api",
          "value": [
            "v-list-item-group",
            "v-list-item",
            "v-list-item-action",
            "v-list-item-avatar",
            "v-list-item-content",
            "v-list-item-title",
            "v-list-item-subtitle",
            "v-list-item-action-text"
          ]
        }
      ]
    },
    {
      "type": "section",
      "children": [
        {
          "type": "playground",
          "value": "playground"
        }
      ]
    },
    {
      "type": "section",
      "children": [
        {
          "type": "examples",
          "value": [
            "simple/flat",
            "simple/multiple",
            "simple/mandatory",
            "simple/active-class",
            "intermediate/selection-controls"
          ]
        }
      ]
    },
    {
      "type": "section",
      "children": [
        {
          "type": "up-next",
          "value": [
            "components/lists",
            "components/item-groups",
            "components/cards"
          ]
        }
      ]
    }
  ]
}
