{
  "title": "header",
  "titleText": "headerText",
  "file": "components/VMenu",
  "mdSpec": {
    "version": "2",
    "link": "https://material.io/design/components/menus.html"
  },
  "children": [
    {
      "type": "section",
      "children": [
        {
          "type": "usage",
          "value": "usage"
        }
      ]
    },
    {
      "type": "section",
      "children": [
        {
          "type": "api",
          "value": ["v-menu"]
        }
      ]
    },
    {
      "type": "section",
      "children": [
        {
          "type": "playground",
          "value": "playground"
        }
      ]
    },
    {
      "type": "section",
      "children": [
        {
          "type": "examples",
          "value": [
            "simple/absolute",
            "simple/menu-activator-tooltip",
            "simple/hover",
            "simple/custom-transition",
            "simple/disabled",
            "simple/offset-x",
            "simple/offset-y",
            "simple/close-on-click",
            "simple/close-on-content-click",
            "intermediate/absolute-without-activator",
            "intermediate/menus",
            "intermediate/popover"
          ]
        }
      ]
    },
    {
      "type": "section",
      "children": [
        {
          "type": "accessibility",
          "value": "accessibility"
        }
      ]
    },
    {
      "type": "section",
      "children": [
        {
          "type": "up-next",
          "value": [
            "components/dialogs",
            "components/tooltips",
            "styles/transitions"
          ]
        }
      ]
    }
  ]
}
