{
  "title": "header",
  "titleText": "headerText",
  "file": "components/VNavigationDrawer",
  "mdSpec": {
    "version": "2",
    "link": "https://material.io/design/components/navigation-drawer.html"
  },
  "children": [
    {
      "type":"section",
      "children": [
        {
          "type": "alert",
          "lang": "alert",
          "value": "error"
        }
      ]
    },
    {
      "type": "section",
      "children": [
        {
          "type": "usage",
          "value": "usage"
        }
      ]
    },
    {
      "type": "section",
      "children": [
        {
          "type": "api",
          "value": ["v-navigation-drawer"]
        }
      ]
    },
    {
      "type": "section",
      "children": [
        {
          "type": "playground",
          "value": "playground"
        }
      ]
    },
    {
      "type": "section",
      "children": [
        {
          "type": "examples",
          "value": [
            "simple/colored",
            "simple/permanent-floating",
            "simple/mini",
            "simple/temporary",
            "simple/right",
            "simple/expand-on-hover",
            "intermediate/background",
            "intermediate/combined",
            "complex/bottom-drawer"
          ]
        }
      ]
    },
    {
      "type": "section",
      "children": [
        {
          "type": "up-next",
          "value": [
            "components/lists",
            "components/icons",
            "getting-started/pre-made-layouts"
          ]
        }
      ]
    }
  ]
}
