{
  "title": "header",
  "titleText": "headerText",
  "file": "components/VOverlay",
  "children": [
    {
      "type": "section",
      "children": [
        {
          "type": "usage",
          "value": "usage"
        }
      ]
    },
    {
      "type": "section",
      "children": [
        {
          "type": "api",
          "value": ["v-overlay"]
        }
      ]
    },
    {
      "type": "section",
      "children": [
        {
          "type": "playground",
          "value": "playground"
        }
      ]
    },
    {
      "type": "section",
      "children": [
        {
          "type": "examples",
          "value": [
            "simple/absolute",
            "simple/opacity",
            "simple/z-index",
            "intermediate/loader",
            "complex/advanced"
          ]
        }
      ]
    },
    {
      "type": "section",
      "children": [
        {
          "type": "up-next",
          "value": [
            "components/cards",
            "components/sheets",
            "components/dialogs"
          ]
        }
      ]
    }
  ]
}
