{
  "title": "header",
  "titleText": "headerText",
  "file": "components/VOverflowBtn",
  "mdSpec": {
    "version": "1",
    "link": "https://material.io/archive/guidelines/components/buttons.html#buttons-dropdown-buttons"
  },
  "children": [
    {
      "type": "section",
      "children": [
        {
          "type": "usage",
          "value": "usage"
        },
        {
          "type": "alert",
          "lang": "Components.Selects.objectAlert",
          "value": "error"
        },
        {
          "type": "alert",
          "lang": "Components.Selects.autoAlert",
          "value": "warning"
        }
      ]
    },
    {
      "type": "section",
      "children": [
        {
          "type": "api",
          "value": ["v-overflow-btn"]
        }
      ]
    },
    {
      "type": "section",
      "children": [
        {
          "type": "playground",
          "value": "playground"
        }
      ]
    },
    {
      "type": "section",
      "children": [
        {
          "type": "examples",
          "value": [
            "simple/counter",
            "simple/disabled",
            "simple/dense",
            "simple/editable",
            "simple/filled",
            "simple/hint",
            "simple/loading",
            "simple/menu-props",
            "simple/readonly",
            "simple/segmented"
          ]
        }
      ]
    },
    {
      "type": "section",
      "children": [
        {
          "type": "up-next",
          "value": [
            "components/forms",
            "components/selection-controls",
            "components/selects"
          ]
        }
      ]
    }
  ]
}
