{
  "title": "header",
  "titleText": "headerText",
  "file": "components/VPagination",
  "children": [
    {
      "type": "section",
      "children": [
        {
          "type": "usage",
          "value": "usage"
        }
      ]
    },
    {
      "type": "section",
      "children": [
        {
          "type": "api",
          "value": ["v-pagination"]
        }
      ]
    },
    {
      "type": "section",
      "children": [
        {
          "type": "playground",
          "value": "playground"
        }
      ]
    },
    {
      "type": "section",
      "children": [
        {
          "type": "examples",
          "value": [
            "simple/long",
            "simple/limit",
            "simple/circle",
            "simple/icons",
            "simple/disabled"
          ]
        }
      ]
    },
    {
      "type": "section",
      "children": [
        {
          "type": "up-next",
          "value": [
            "components/data-iterator",
            "components/data-tables",
            "components/lists"
          ]
        }
      ]
    }
  ]
}
