{
  "title": "header",
  "titleText": "headerText",
  "file": "components/VParallax",
  "children": [
    {
      "type": "section",
      "children": [
        {
          "type": "usage",
          "value": "usage"
        }
      ]
    },
    {
      "type": "section",
      "children": [
        {
          "type": "api",
          "value": ["v-parallax"]
        }
      ]
    },
    {
      "type": "section",
      "children": [
        {
          "type": "examples",
          "value": [
            "simple/content",
            "simple/custom-height"
          ]
        }
      ]
    },
    {
      "type": "section",
      "children": [
        {
          "type": "up-next",
          "value": [
            "components/aspect-ratios",
            "components/cards",
            "components/images"
          ]
        }
      ]
    }
  ]
}
