{
  "title": "header",
  "titleText": "headerText",
  "file": "components/VProgressLinear",
  "mdSpec": {
    "version": "2",
    "link": "https://material.io/design/components/progress-indicators.html"
  },
  "children": [
    {
      "type": "section",
      "children": [
        {
          "type": "usage",
          "value": "usage"
        }
      ]
    },
    {
      "type": "section",
      "children": [
        {
          "type": "api",
          "value": [
            "v-progress-linear"
          ]
        }
      ]
    },
    {
      "type": "section",
      "children": [
        {
          "type": "playground",
          "value": "playground"
        }
      ]
    },
    {
      "type": "section",
      "children": [
        {
          "type": "examples",
          "value": [
            "simple/linear-determinate",
            "simple/linear-indeterminate",
            "simple/linear-buffer",
            "simple/linear-query-indeterminate-and-determinate",
            "simple/linear-custom-colors",
            "simple/rounded",
            "simple/stream",
            "simple/striped",
            "intermediate/loader",
            "intermediate/file-loader",
            "intermediate/slot"
          ]
        }
      ]
    },
    {
      "type": "section",
      "children": [
        {
          "type": "up-next",
          "value": [
            "components/cards",
            "components/progress-circular",
            "components/lists"
          ]
        }
      ]
    }
  ]
}
