{
  "title": "header",
  "titleText": "headerText",
  "file": "components/VProgressCircular",
  "mdSpec": {
    "version": "2",
    "link": "https://material.io/design/components/progress-indicators.html"
  },
  "children": [
    {
      "type": "section",
      "children": [
        {
          "type": "usage",
          "value": "usage"
        }
      ]
    },
    {
      "type": "section",
      "children": [
        {
          "type": "api",
          "value": [
            "v-progress-circular"
          ]
        }
      ]
    },
    {
      "type": "section",
      "children": [
        {
          "type": "playground",
          "value": "playground"
        }
      ]
    },
    {
      "type": "section",
      "children": [
        {
          "type": "examples",
          "value": [
            "simple/circular-colored",
            "simple/circular-indeterminate",
            "simple/circular-size-and-width",
            "simple/circular-rotate"
          ]
        }
      ]
    },
    {
      "type": "section",
      "children": [
        {
          "type": "up-next",
          "value": [
            "components/cards",
            "components/progress-linear",
            "components/lists"
          ]
        }
      ]
    }
  ]
}
