{
  "title": "header",
  "titleText": "headerText",
  "file": "components/VRating",
  "children": [
    {
      "type": "section",
      "children": [
        {
          "type": "usage",
          "value": "usage"
        }
      ]
    },
    {
      "type": "section",
      "children": [
        {
          "type": "api",
          "value": ["v-rating"]
        }
      ]
    },
    {
      "type": "section",
      "children": [
        {
          "type": "playground",
          "value": "playground"
        }
      ]
    },
    {
      "type": "section",
      "children": [
        {
          "type": "examples",
          "value": [
            "simple/sizes",
            "simple/colors",
            "simple/length",
            "intermediate/increments",
            "intermediate/slots",
            "intermediate/card",
            "complex/advanced"
          ]
        }
      ]
    },
    {
      "type": "section",
      "children": [
        {
          "type": "up-next",
          "value": [
            "components/cards",
            "components/icons",
            "components/lists"
          ]
        }
      ]
    }
  ]
}
