{
  "title": "header",
  "titleText": "headerText",
  "file": "components/VSelect",
  "children": [
    {
      "type": "section",
      "children": [
        {
          "type": "usage",
          "value": "usage"
        },
        {
          "type": "alert",
          "lang": "objectAlert",
          "value": "error"
        },
        {
          "type": "alert",
          "lang": "autoAlert",
          "value": "warning"
        }
      ]
    },
    {
      "type": "section",
      "children": [
        {
          "type": "api",
          "value": ["v-select"]
        }
      ]
    },
    {
      "type": "section",
      "children": [
        {
          "type": "playground",
          "value": "playground"
        },
        {
          "type": "alert",
          "lang": "Components.Selects.autocompleteAlert",
          "value": "info"
        }
      ]
    },
    {
      "type": "section",
      "children": [
        {
          "type": "examples",
          "value": [
            "simple/disabled",
            "simple/readonly",
            "simple/light",
            "simple/icons",
            "simple/multiple",
            "simple/dense",
            "simple/custom-text-and-value",
            "intermediate/menu-props",
            "intermediate/slots",
            "intermediate/selection-appearance"
          ]
        }
      ]
    },
    {
      "type": "section",
      "children": [
        {
          "type": "up-next",
          "value": [
            "components/autocompletes",
            "components/combobox",
            "components/forms"
          ]
        }
      ]
    }
  ]
}
