{
  "title": "header",
  "titleText": "headerText",
  "mdSpec": {
    "version": "2",
    "link": "https://material.io/design/components/selection-controls.html"
  },
  "children": [
    {
      "type": "section",
      "children": [
        {
          "type": "usage",
          "value": "usage"
        }
      ]
    },
    {
      "type": "section",
      "children": [
        {
          "type": "api",
          "value": [ "v-checkbox", "v-radio", "v-radio-group", "v-simple-checkbox", "v-switch" ]
        }
      ]
    },
    {
      "type": "section",
      "children": [
        {
          "type": "playground",
          "value": "playground"
        }
      ]
    },
    {
      "type": "section",
      "children": [
        {
          "type": "examples",
          "value": [
            "simple/checkboxes-boolean",
            "simple/checkboxes-array",
            "simple/checkboxes-states",
            "simple/checkboxes-colors",
            "intermediate/checkboxes-inline-textfield",
            "simple/radios-default",
            "simple/radios-direction",
            "simple/radios-colors",
            "simple/switches-boolean",
            "simple/switches-array",
            "simple/switches-states",
            "simple/switches-colors",
            "simple/switches-flat",
            "simple/switches-inset",
            "intermediate/label-slot"
          ]
        }
      ]
    },
    {
      "type": "section",
      "children": [
        {
          "type": "up-next",
          "value": [
            "components/button-groups",
            "components/forms",
            "components/text-fields"
          ]
        }
      ]
    }
  ]
}
