{
  "title": "header",
  "titleText": "headerText",
  "file": "components/VSheet",
  "children": [
    {
      "type": "section",
      "children": [
        {
          "type": "usage",
          "value": "usage"
        }
      ]
    },
    {
      "type": "section",
      "children": [
        {
          "type": "api",
          "value": ["v-sheet"]
        }
      ]
    },
    {
      "type": "section",
      "children": [
        {
          "type": "playground",
          "value": "playground"
        }
      ]
    },
    {
      "type": "section",
      "children": [
        {
          "type": "examples",
          "value": [
            "simple/elevation",
            "simple/tile",
            "intermediate/colors-sizes"
          ]
        }
      ]
    },
    {
      "type": "section",
      "children": [
        {
          "type": "up-next",
          "value": [
            "components/cards",
            "components/grids",
            "styles/elevation"
          ]
        }
      ]
    }
  ]
}
