{
  "title": "header",
  "titleText": "headerText",
  "file": "components/VDataTable/VSimpleTable.ts",
  "mdSpec": {
    "version": "2",
    "link": "https://material.io/design/components/data-tables.html"
  },
  "children": [
    {
      "type": "section",
      "children": [
        {
          "type": "usage",
          "value": "usage"
        }
      ]
    },
    {
      "type": "section",
      "children": [
        {
          "type": "api",
          "value": [
            "v-simple-table"
          ]
        }
      ]
    },
    {
      "type": "section",
      "children": [
        {
          "type": "playground",
          "value": "playground"
        }
      ]
    },
    {
      "type": "section",
      "children": [
        {
          "type": "examples",
          "value": [
            "simple/height",
            "simple/fixed-header",
            "simple/dense",
            "simple/dark"
          ]
        }
      ]
    },
    {
      "type": "section",
      "children": [
        {
          "type": "up-next",
          "value": [
            "components/data-iterators",
            "components/data-tables",
            "components/lists"
          ]
        }
      ]
    }
  ]
}
