{
  "title": "header",
  "titleText": "headerText",
  "file": "components/VSkeletonLoader",
  "children": [
    {
      "type": "section",
      "children": [
        {
          "type": "usage",
          "value": "usage"
        }
      ]
    },
    {
      "type": "section",
      "children": [
        {
          "type": "api",
          "value": ["v-skeleton-loader"]
        }
      ]
    },
    {
      "type": "section",
      "children": [
        {
          "type": "playground",
          "value": "playground"
        }
      ]
    },
    {
      "type": "section",
      "children": [
        {
          "type": "examples",
          "value": [
            "complex/boilerplate",
            "intermediate/implementation"
          ]
        }
      ]
    },
    {
      "type": "section",
      "children": [
        {
          "type": "accessibility",
          "value": "accessibility"
        }
      ]
    },
    {
      "type": "section",
      "children": [
        {
          "type": "up-next",
          "value": [
            "components/cards",
            "components/progress-circular",
            "components/buttons"
          ]
        }
      ]
    }
  ]
}
