{
  "title": "header",
  "titleText": "headerText",
  "file": "components/VSlider",
  "mdSpec": {
    "version": "2",
    "link": "https://material.io/design/components/sliders.html"
  },
  "children": [
    {
      "type": "section",
      "children": [
        {
          "type": "usage-new",
          "value": {
            "booleans": [
              "dense",
              "disabled",
              "hide-details",
              "inverse-label",
              "readonly",
              "persistent-hint",
              "vertical"
            ]
          }
        }
      ]
    },
    {
      "type": "section",
      "children": [
        {
          "type": "api",
          "value": [
            "v-slider",
            "v-range-slider"
          ]
        }
      ]
    },
    {
      "type": "section",
      "children": [
        {
          "type": "playground",
          "value": "playground"
        }
      ]
    },
    {
      "type": "section",
      "children": [
        {
          "type": "examples",
          "value": [
            "simple/min-max",
            "simple/disabled",
            "simple/readonly",
            "simple/icons",
            "simple/vertical",
            "simple/thumb",
            "simple/inverse-label",
            "simple/custom-thumb",
            "simple/ticks",
            "simple/custom-colors",
            "simple/range",
            "intermediate/validation",
            "intermediate/metronome"
          ]
        }
      ]
    },
    {
      "type": "section",
      "children": [
        {
          "type": "up-next",
          "value": [
            "components/forms",
            "components/selects",
            "components/text-fields"
          ]
        }
      ]
    }
  ]
}
