{
  "title": "header",
  "titleText": "headerText",
  "file": "components/VSlideGroup",
  "children": [
    {
      "type": "section",
      "children": [
        {
          "type": "usage",
          "value": "usage"
        }
      ]
    },
    {
      "type": "section",
      "children": [
        {
          "type": "api",
          "value": [
            "v-slide-group",
            "v-slide-item"
          ]
        }
      ]
    },
    {
      "type": "section",
      "children": [
        {
          "type": "playground",
          "value": "playground"
        }
      ]
    },
    {
      "type": "section",
      "children": [
        {
          "type": "examples",
          "value": [
            "simple/custom-icons",
            "simple/active-class",
            "simple/multiple",
            "simple/mandatory",
            "simple/carousel",
            "simple/center-active"
          ]
        }
      ]
    },
    {
      "type": "section",
      "children": [
        {
          "type": "up-next",
          "value": [
            "components/icons",
            "components/carousels",
            "components/tabs"
          ]
        }
      ]
    }
  ]
}
