{
  "title": "header",
  "titleText": "headerText",
  "file": "components/VSnackbar",
  "mdSpec": {
    "version": "2",
    "link": "https://material.io/design/components/snackbars.html"
  },
  "children": [
    {
      "type": "section",
      "children": [
        {
          "type": "usage",
          "value": "usage"
        }
      ]
    },
    {
      "type": "section",
      "children": [
        {
          "type": "api",
          "value": ["v-snackbar"]
        }
      ]
    },
    {
      "type": "section",
      "children": [
        {
          "type": "playground",
          "value": "playground"
        }
      ]
    },
    {
      "type": "section",
      "children": [
        {
          "type": "examples",
          "value": [
            "simple/multi-line",
            "simple/timeout",
            "simple/vertical"
          ]
        }
      ]
    },
    {
      "type": "section",
      "children": [
        {
          "type": "up-next",
          "value": [
            "components/buttons",
            "styles/colors",
            "components/forms"
          ]
        }
      ]
    }
  ]
}
