{
  "title": "header",
  "titleText": "headerText",
  "file": "components/VSparkline",
  "children": [
    {
      "type": "section",
      "children": [
        {
          "type": "usage",
          "value": "usage"
        }
      ]
    },
    {
      "type": "section",
      "children": [
        {
          "type": "api",
          "value": ["v-sparkline"]
        }
      ]
    },
    {
      "type": "section",
      "children": [
        {
          "type": "playground",
          "value": "playground"
        }
      ]
    },
    {
      "type": "section",
      "children": [
        {
          "type": "examples",
          "value": [
            "simple/fill",
            "intermediate/heart-rate",
            "intermediate/dashboard-card",
            "intermediate/sales-card"
          ]
        }
      ]
    },
    {
      "type": "section",
      "children": [
        {
          "type": "up-next",
          "value": [
            "components/cards",
            "components/sheets",
            "components/expansion-panels"
          ]
        }
      ]
    }
  ]
}
