{
  "title": "header",
  "titleText": "headerText",
  "file": "components/VStepper",
  "mdSpec": {
    "version": "1",
    "link": "https://material.io/archive/guidelines/components/steppers.html"
  },
  "children": [
    {
      "type": "section",
      "children": [
        {
          "type": "usage",
          "value": "usage"
        }
      ]
    },
    {
      "type": "section",
      "children": [
        {
          "type": "api",
          "value": [
            "v-stepper",
            "v-stepper-step",
            "v-stepper-content",
            "v-stepper-header",
            "v-stepper-items"
          ]
        }
      ]
    },
    {
      "type": "section",
      "children": [
        {
          "type": "playground",
          "value": "playground"
        }
      ]
    },
    {
      "type": "section",
      "children": [
        {
          "type": "examples",
          "value": [
            "simple/editable",
            "simple/non-editable",
            "simple/optional",
            "simple/horizontal",
            "simple/vertical",
            "simple/linear",
            "simple/non-linear",
            "simple/alternate-labels",
            "simple/error",
            "simple/alternate-error",
            "simple/vertical-error",
            "intermediate/dynamic"
          ]
        }
      ]
    },
    {
      "type": "section",
      "children": [
        {
          "type": "up-next",
          "value": [
            "components/tabs",
            "components/buttons",
            "components/windows"
          ]
        }
      ]
    }
  ]
}
