{
  "title": "header",
  "titleText": "headerText",
  "file": "components/VSubheader",
  "mdSpec": {
    "version": "1",
    "link": "https://material.io/archive/guidelines/components/subheaders.html"
  },
  "children": [
    {
      "type": "section",
      "children": [
        {
          "type": "usage",
          "value": "usage"
        }
      ]
    },
    {
      "type": "section",
      "children": [
        {
          "type": "api",
          "value": ["v-subheader"]
        }
      ]
    },
    {
      "type": "section",
      "children": [
        {
          "type": "playground",
          "value": "playground"
        }
      ]
    },
    {
      "type": "section",
      "children": [
        {
          "type": "examples",
          "value": [
            "simple/inset",
            "simple/grid",
            "simple/menu",
            "intermediate/social"
          ]
        }
      ]
    },
    {
      "type": "section",
      "children": [
        {
          "type": "up-next",
          "value": [
            "components/cards",
            "components/grids",
            "components/lists"
          ]
        }
      ]
    }
  ]
}
