{
  "title": "header",
  "titleText": "headerText",
  "file": "components/VSystemBar",
  "mdSpec": {
    "version": "1",
    "link": "https://material.io/archive/guidelines/components/toolbars.html"
  },
  "children": [
    {
      "type": "section",
      "children": [
        {
          "type": "usage",
          "value": "usage"
        }
      ]
    },
    {
      "type": "section",
      "children": [
        {
          "type": "api",
          "value": [
            "v-system-bar"
          ]
        }
      ]
    },
    {
      "type": "section",
      "children": [
        {
          "type": "playground",
          "value": "playground"
        }
      ]
    },
    {
      "type": "section",
      "children": [
        {
          "type": "examples",
          "value": [
            "simple/color",
            "simple/lights-out",
            "simple/themes",
            "simple/window"
          ]
        }
      ]
    },
    {
      "type": "section",
      "children": [
        {
          "type": "up-next",
          "value": [
            "components/buttons",
            "components/toolbars",
            "components/tabs"
          ]
        }
      ]
    }
  ]
}
