{
  "title": "header",
  "titleText": "headerText",
  "file": "components/VTabs",
  "mdSpec": {
    "version": "2",
    "link": "https://material.io/design/components/tabs.html"
  },
  "children": [
    {
      "type": "section",
      "children": [
        {
          "type": "usage",
          "value": "usage"
        },
        {
          "type": "alert",
          "lang": "alert",
          "value": "warning"
        }
      ]
    },
    {
      "type": "section",
      "children": [
        {
          "type": "api",
          "value": [
            "v-tabs",
            "v-tab",
            "v-tabs-items",
            "v-tab-item",
            "v-tabs-slider"
          ]
        }
      ]
    },
    {
      "type": "section",
      "children": [
        {
          "type": "playground",
          "value": "playground"
        }
      ]
    },
    {
      "type": "section",
      "children": [
        {
          "type": "examples",
          "value": [
            "simple/fixed-tabs",
            "simple/center-active",
            "simple/tab-items",
            "simple/grow",
            "simple/pagination",
            "simple/icons",
            "simple/vertical",
            "intermediate/icons-and-text",
            "intermediate/right",
            "intermediate/content",
            "intermediate/align-with-title",
            "intermediate/dynamic",
            "complex/dynamic-height",
            "complex/desktop",
            "complex/overflow-to-menu"
          ]
        }
      ]
    },
    {
      "type": "section",
      "children": [
        {
          "type": "up-next",
          "value": [
            "components/icons",
            "components/toolbars",
            "components/windows"
          ]
        }
      ]
    }
  ]
}
