{
  "title": "header",
  "titleText": "headerText",
  "file": "components/VTextField",
  "mdSpec": {
    "version": "2",
    "link": "https://material.io/design/components/text-fields.html"
  },
  "children": [
    {
      "type": "section",
      "children": [
        {
          "type": "usage",
          "value": "usage"
        }
      ]
    },
    {
      "type": "section",
      "children": [
        {
          "type": "api",
          "value": ["v-text-field"]
        }
      ]
    },
    {
      "type": "section",
      "children": [
        {
          "type": "playground",
          "value": "playground"
        }
      ]
    },
    {
      "type": "section",
      "children": [
        {
          "type": "examples",
          "value": [
            "simple/single-line",
            "simple/shaped",
            "simple/disabled-and-readonly",
            "simple/dense",
            "simple/icon",
            "simple/clearable",
            "simple/character-counter",
            "simple/hide-details",
            "simple/password",
            "simple/box",
            "simple/solo",
            "simple/outlined",
            "simple/custom-colors",
            "simple/masks",
            "simple/hint",
            "simple/prefixes-and-suffixes",
            "intermediate/icon-events",
            "intermediate/icon-slots",
            "intermediate/label-slot",
            "intermediate/validation",
            "intermediate/full-width-with-character-counter",
            "intermediate/progress-bar",
            "complex/custom-validation"
          ]
        }
      ]
    },
    {
      "type": "section",
      "children": [
        {
          "type": "up-next",
          "value": [
            "components/forms",
            "components/selects",
            "components/textarea"
          ]
        }
      ]
    }
  ]
}
