{
  "title": "header",
  "titleText": "headerText",
  "file": "components/VTextarea",
  "mdSpec": {
    "version": "2",
    "link": "https://material.io/design/components/text-fields.html"
  },
  "children": [
    {
      "type": "section",
      "children": [
        {
          "type": "usage",
          "value": "usage"
        }
      ]
    },
    {
      "type": "section",
      "children": [
        {
          "type": "api",
          "value": [ "v-textarea" ]
        }
      ]
    },
    {
      "type": "section",
      "children": [
        {
          "type": "playground",
          "value": "playground"
        }
      ]
    },
    {
      "type": "section",
      "children": [
        {
          "type": "examples",
          "value": [
            "simple/icon",
            "simple/auto-grow",
            "simple/background-color",
            "simple/browser-autocomplete",
            "simple/clearable",
            "simple/counter",
            "simple/no-resize",
            "simple/rows",
            "intermediate/signup-box"
          ]
        }
      ]
    },
    {
      "type": "section",
      "children": [
        {
          "type": "up-next",
          "value": [
            "components/forms",
            "components/selects",
            "components/text-fields"
          ]
        }
      ]
    }
  ]
}
