{
  "title": "header",
  "titleText": "headerText",
  "file": "components/VTimepicker",
  "mdSpec": {
    "version": "1",
    "link": "https://material.io/archive/guidelines/components/pickers.html#pickers-time-pickers"
  },
  "children": [
    {
      "type": "section",
      "children": [
        {
          "type": "usage",
          "value": "usage"
        }
      ]
    },
    {
      "type": "section",
      "children": [
        {
          "type": "api",
          "value": [ "v-time-picker" ]
        }
      ]
    },
    {
      "type": "section",
      "children": [
        {
          "type": "playground",
          "value": "playground"
        }
      ]
    },
    {
      "type": "section",
      "children": [
        {
          "type": "examples",
          "value": [
            "simple/colorable",
            "simple/disabled",
            "simple/readonly",
            "simple/24h-format",
            "simple/allowed-times",
            "simple/width",
            "simple/ampm-in-title",
            "simple/no-title",
            "simple/use-seconds",
            "simple/scrollable",
            "intermediate/dialog-and-menu",
            "intermediate/range"
          ]
        }
      ]
    },
    {
      "type": "section",
      "children": [
        {
          "type": "up-next",
          "value": [
            "components/buttons",
            "components/date-pickers",
            "components/text-fields"
          ]
        }
      ]
    }
  ]
}
