{
  "title": "header",
  "titleText": "headerText",
  "file": "components/VTimeline",
  "children": [
    {
      "type": "section",
      "children": [
        {
          "type": "usage",
          "value": "usage"
        }
      ]
    },
    {
      "type": "section",
      "children": [
        {
          "type": "api",
          "value": [
            "v-timeline",
            "v-timeline-item"
          ]
        }
      ]
    },
    {
      "type": "section",
      "children": [
        {
          "type": "playground",
          "value": "playground"
        }
      ]
    },
    {
      "type": "section",
      "children": [
        {
          "type": "examples",
          "value": [
            "simple/small",
            "simple/icons",
            "simple/reverse",
            "simple/card",
            "intermediate/alert",
            "intermediate/slot",
            "intermediate/avatars",
            "complex/color",
            "complex/advanced"
          ]
        }
      ]
    },
    {
      "type": "section",
      "children": [
        {
          "type": "up-next",
          "value": [
            "components/cards",
            "components/icons",
            "components/grids"
          ]
        }
      ]
    }
  ]
}
