{
  "title": "header",
  "titleText": "headerText",
  "file": "components/VToolbar",
  "mdSpec": {
    "version": "1",
    "link": "https://material.io/archive/guidelines/components/toolbars.html"
  },
  "children": [
    {
      "type": "section",
      "children": [
        {
          "type": "usage-new",
          "value": {
            "booleans": [
              "image",
              "collapse",
              "dense",
              "extended",
              "flat",
              "prominent",
              "short"
            ],
            "sliders": [
              {
                "prop": "elevation",
                "attrs": {
                  "min": 2,
                  "max": 24
                },
                "value": 2
              }
            ],
            "selects": [
              {
                "prop": "color",
                "label": "Color",
                "attrs": {
                  "items": [
                    "primary",
                    "orange",
                    "yellow",
                    "green",
                    "blue",
                    "purple"
                  ]
                }
              }
            ]
          }
        },
        {
          "type": "alert",
          "lang": "buttonMargin",
          "value": "warning"
        }
      ]
    },
    {
      "type": "section",
      "children": [
        {
          "type": "api",
          "value": [
            "v-toolbar",
            "v-toolbar-title",
            "v-toolbar-items"
          ]
        }
      ]
    },
    {
      "type": "section",
      "children": [
        {
          "type": "examples",
          "value": [
            "simple/prominent",
            "simple/dense",
            "simple/light-and-dark",
            "simple/variations",
            "simple/background",
            "simple/extended",
            "simple/extension-height",
            "simple/collapse",
            "intermediate/flexible-and-card",
            "intermediate/floating-with-search",
            "intermediate/contextual-action-bar"
          ]
        }
      ]
    },
    {
      "type": "section",
      "children": [
        {
          "type": "up-next",
          "value": [
            "components/buttons",
            "components/footer",
            "components/tabs"
          ]
        }
      ]
    }
  ]
}
