{
  "title": "header",
  "titleText": "headerText",
  "file": "components/VTooltip",
  "mdSpec": {
    "version": "2",
    "link": "https://material.io/design/components/tooltips.html"
  },
  "children": [
    {
      "type": "section",
      "children": [
        {
          "type": "alert",
          "lang": "headerAlert1",
          "value": "info"
        }
      ]
    },
    {
      "type": "section",
      "children": [
        {
          "type": "usage",
          "value": "usage"
        }
      ]
    },
    {
      "type": "section",
      "children": [
        {
          "type": "api",
          "value": ["v-tooltip"]
        }
      ]
    },
    {
      "type": "section",
      "children": [
        {
          "type": "examples",
          "value": [
            "alignment",
            "visibility"
          ]
        }
      ]
    },
    {
      "type": "section",
      "children": [
        {
          "type": "up-next",
          "value": [
            "components/badges",
            "components/icons",
            "components/menus"
          ]
        }
      ]
    }
  ]
}
