{
  "title": "header",
  "titleText": "headerText",
  "file": "components/VTreeview",
  "children": [
    {
      "type": "section",
      "children": [
        {
          "type": "usage",
          "value": "usage"
        }
      ]
    },
    {
      "type": "section",
      "children": [
        {
          "type": "api",
          "value": ["v-treeview"]
        }
      ]
    },
    {
      "type": "section",
      "children": [
        {
          "type": "playground",
          "value": "playground"
        }
      ]
    },
    {
      "type": "section",
      "children": [
        {
          "type": "examples",
          "value": [
            "simple/dense",
            "simple/selected-color",
            "simple/color",
            "simple/shaped",
            "simple/rounded",
            "simple/item-disabled",
            "simple/selection-type",
            "simple/selectable",
            "simple/activatable",
            "simple/hoverable",
            "simple/open-all",
            "intermediate/file-explorer",
            "complex/human-resources",
            "complex/directory",
            "complex/hotspots"
          ]
        }
      ]
    },
    {
      "type": "section",
      "children": [
        {
          "type": "up-next",
          "value": [
            "components/lists",
            "components/list-item-groups",
            "components/timelines"
          ]
        }
      ]
    }
  ]
}
