{
  "title": "header",
  "titleText": "headerText",
  "file": "components/VWindow",
  "children": [
    {
      "type": "section",
      "children": [
        {
          "type": "usage",
          "value": "usage"
        }
      ]
    },
    {
      "type": "section",
      "children": [
        {
          "type": "api",
          "value": [
            "v-window",
            "v-window-item"
          ]
        }
      ]
    },
    {
      "type": "section",
      "children": [
        {
          "type": "playground",
          "value": "playground"
        }
      ]
    },
    {
      "type": "section",
      "children": [
        {
          "type": "examples",
          "value": [
            "simple/vertical",
            "simple/reverse",
            "simple/onboarding",
            "complex/account"
          ]
        }
      ]
    },
    {
      "type": "section",
      "children": [
        {
          "type": "up-next",
          "value": [
            "components/carousels",
            "components/steppers",
            "components/tabs"
          ]
        }
      ]
    }
  ]
}
