{
  "title": "header",
  "titleText": "headerText",
  "mdSpec": {
    "version": "2",
    "link": "https://material.io/design/color/the-color-system.html"
  },
  "children": [
    {
      "type": "section",
      "children": [
        {
          "type": "heading",
          "lang": "classesHeader"
        },
        {
          "type": "text",
          "lang": "classesText"
        },
        {
          "type": "example",
          "value": "classes"
        },
        {
          "type": "text",
          "lang": "classesText2"
        },
        {
          "type": "example",
          "value": "text-classes"
        }
      ]
    },
    {
      "type": "section",
      "children": [
        {
          "type": "heading",
          "lang": "javascriptPackHeader"
        },
        {
          "type": "text",
          "lang": "javascriptPackText"
        },
        {
          "type": "markup",
          "value": "js_vuetify_color_pack"
        }
      ]
    },
    {
      "type": "section",
      "children": [
        {
          "type": "heading",
          "lang": "sassPackHeader"
        },
        {
          "type": "text",
          "lang": "sassPackText"
        },
        {
          "type": "markup",
          "value": "sass_vuetify_color_pack"
        },
        {
          "type": "text",
          "lang": "sassPackText2"
        },
        {
          "type": "markup",
          "value": "js_vuetify_import_main"
        },
        {
          "type": "alert",
          "lang": "alert",
          "value": "error"
        },
        {
          "type": "text",
          "lang": "sassPackText3"
        },
        {
          "type": "markup",
          "value": "html_vuetify_import_main"
        }
      ]
    },
    {
      "type": "section",
      "children": [
        {
          "type": "style-colors"
        }
      ]
    },
    {
      "type": "section",
      "children": [
        {
          "type": "up-next",
          "value": [
            "customization/theme",
            "themes/premium",
            "getting-started/pre-made-layouts"
          ]
        }
      ]
    }
  ]
}
