{
  "title": "header",
  "titleText": "headerText",
  "children": [
    {
      "type": "section",
      "children": [
        {
          "type": "heading",
          "lang": "blockquoteHeader"
        },
        {
          "type": "example",
          "value": "block"
        }
      ]
    },
    {
      "type": "section",
      "children": [
        {
          "type": "heading",
          "lang": "paragraphsHeader"
        },
        {
          "type": "example",
          "value": "paragraph"
        }
      ]
    },
    {
      "type": "section",
      "children": [
        {
          "type": "heading",
          "lang": "codeHeader"
        },
        {
          "type": "example",
          "value": "code"
        }
      ]
    },
    {
      "type": "section",
      "children": [
        {
          "type": "heading",
          "lang": "variablesHeader"
        },
        {
          "type": "example",
          "value": "variables"
        }
      ]
    },
    {
      "type": "section",
      "children": [
        {
          "type": "heading",
          "lang": "userInputHeader"
        },
        {
          "type": "example",
          "value": "user"
        }
      ]
    },
    {
      "type": "section",
      "children": [
        {
          "type": "up-next",
          "value": [
            "styles/typography",
            "styles/alignment"
          ]
        }
      ]
    }
  ]
}
