{
  "title": "header",
  "titleText": "headerText",
  "children": [
    {
      "type": "layout-grid"
    },
    {
      "type": "section",
      "children": [
        {
          "type": "heading",
          "lang": "displayHeader"
        },
        {
          "type": "text",
          "lang": "displayText"
        },
        {
          "type": "markdown",
          "lang": "displayFormats"
        },
        {
          "type": "text",
          "lang": "displayText2"
        },
        {
          "type": "markdown",
          "lang": "displays"
        },
        {
          "type": "text",
          "lang": "displayText3"
        },
        {
          "type": "example",
          "value": "display-inline"
        },
        {
          "type": "example",
          "value": "display-block"
        }
      ]
    },
    {
      "type": "section",
      "children": [
        {
          "type": "heading",
          "lang": "visibilityHeader"
        },
        {
          "type": "text",
          "lang": "visibilityText"
        },
        {
          "type": "style-visibility-table"
        },
        {
          "type": "example",
          "value": "visibility"
        },
        {
          "type": "text",
          "lang": "lateralDisplayText"
        },
        {
          "type": "text",
          "lang": "conditionText"
        },
        {
          "type": "markdown",
          "lang": "conditions"
        },
        {
          "type": "text",
          "lang": "mediaText"
        }
      ]
    },
    {
      "type": "section",
      "children": [
        {
          "type": "heading",
          "lang": "printHeader"
        },
        {
          "type": "text",
          "lang": "printText1"
        },
        {
          "type": "text",
          "lang": "printOptions"
        },
        {
          "type": "text",
          "lang": "printText2"
        },
        {
          "type": "example",
          "value": "print"
        }
      ]
    },
    {
      "type": "section",
      "children": [
        {
          "type": "up-next",
          "value": [
            "styles/alignment",
            "directives/resizing",
            "customization/breakpoints"
          ]
        }
      ]
    }
  ]
}
