{
  "title": "header",
  "titleText": "headerText",
  "children": [
    {
      "type": "section",
      "children": [
        {
          "type": "heading",
          "lang": "flexHeader"
        },
        {
          "type": "text",
          "lang": "flexText1"
        },
        {
          "type": "example",
          "value": "flexbox"
        },
        {
          "type": "example",
          "value": "flexbox-inline"
        },
        {
          "type": "text",
          "lang": "flexText2"
        },
        {
          "type": "text",
          "lang": "flexList"
        }
      ]
    },
    {
      "type": "section",
      "children": [
        {
          "type": "heading",
          "lang": "directionHeader"
        },
        {
          "type": "text",
          "lang": "directionText1"
        },
        {
          "type": "example",
          "value": "flex-direction"
        },
        {
          "type": "text",
          "lang": "directionText2"
        },
        {
          "type": "example",
          "value": "flex-column"
        },
        {
          "type": "text",
          "lang": "directionText3"
        },
        {
          "type": "text",
          "lang": "directionList"
        }
      ]
    },
    {
      "type": "section",
      "children": [
        {
          "type": "heading",
          "lang": "justifyHeader"
        },
        {
          "type": "text",
          "lang": "justifyText1"
        },
        {
          "type": "example",
          "value": "flex-justify"
        },
        {
          "type": "text",
          "lang": "justifyText2"
        },
        {
          "type": "text",
          "lang": "justifyList"
        }
      ]
    },
    {
      "type": "section",
      "children": [
        {
          "type": "heading",
          "lang": "alignHeader"
        },
        {
          "type": "text",
          "lang": "alignText1"
        },
        {
          "type": "alert",
          "lang": "alignAlert1",
          "value": "info"
        },
        {
          "type": "example",
          "value": "flex-align"
        },
        {
          "type": "text",
          "lang": "alignText2"
        },
        {
          "type": "text",
          "lang": "alignList"
        }
      ]
    },
    {
      "type": "section",
      "children": [
        {
          "type": "heading",
          "lang": "alignSelfHeader"
        },
        {
          "type": "text",
          "lang": "alignSelfText1"
        },
        {
          "type": "example",
          "value": "flex-align-self"
        },
        {
          "type": "text",
          "lang": "alignSelfText2"
        },
        {
          "type": "text",
          "lang": "alignSelfList"
        }
      ]
    },
    {
      "type": "section",
      "children": [
        {
          "type": "heading",
          "lang": "marginHeader"
        },
        {
          "type": "text",
          "lang": "marginText1"
        },
        {
          "type": "alert",
          "lang": "marginAlert",
          "value": "error"
        },
        {
          "type": "example",
          "value": "margins"
        },
        {
          "type": "heading",
          "lang": "marginSubheader"
        },
        {
          "type": "text",
          "lang": "marginText2"
        },
        {
          "type": "example",
          "value": "margins-align-items"
        }
      ]
    },
    {
      "type": "section",
      "children": [
        {
          "type": "heading",
          "lang": "wrapHeader"
        },
        {
          "type": "text",
          "lang": "wrapText1"
        },
        {
          "type": "text",
          "lang": "wrapList1"
        },
        {
          "type": "example",
          "value": "flex-nowrap"
        },
        {
          "type": "example",
          "value": "flex-wrap"
        },
        {
          "type": "example",
          "value": "flex-wrap-reverse"
        },
        {
          "type": "text",
          "lang": "wrapText2"
        },
        {
          "type": "text",
          "lang": "wrapList2"
        }
      ]
    },
    {
      "type": "section",
      "children": [
        {
          "type": "heading",
          "lang": "orderHeader"
        },
        {
          "type": "text",
          "lang": "orderText1"
        },
        {
          "type": "example",
          "value": "flex-order"
        },
        {
          "type": "text",
          "lang": "orderText2"
        },
        {
          "type": "text",
          "lang": "orderList"
        }
      ]
    },
    {
      "type": "section",
      "children": [
        {
          "type": "heading",
          "lang": "alignContentHeader"
        },
        {
          "type": "text",
          "lang": "alignContentText1"
        },
        {
          "type": "example",
          "value": "flex-align-content-start"
        },
        {
          "type": "example",
          "value": "flex-align-content-end"
        },
        {
          "type": "example",
          "value": "flex-align-content-center"
        },
        {
          "type": "example",
          "value": "flex-align-content-between"
        },
        {
          "type": "example",
          "value": "flex-align-content-around"
        },
        {
          "type": "text",
          "lang": "alignContentText2"
        },
        {
          "type": "text",
          "lang": "alignContentList"
        }
      ]
    },
    {
      "type": "section",
      "children": [
        {
          "type": "heading",
          "lang": "growShrinkHeader"
        },
        {
          "type": "text",
          "lang": "growShrinkText1"
        },
        {
          "type": "text",
          "lang": "growShrinkList1"
        },
        {
          "type": "example",
          "value": "grow-shrink"
        },
        {
          "type": "text",
          "lang": "growShrinkText2"
        },
        {
          "type": "text",
          "lang": "growShrinkList2"
        }
      ]
    }
  ]
}
