{
  "title": "header",
  "titleText": "headerText",
  "children": [
    {
      "type": "section",
      "children": [
        {
          "type": "heading",
          "lang": "overviewHeader"
        },
        {
          "type": "text",
          "lang": "overviewText1"
        },
        {
          "type": "layout-grid"
        }
      ]
    },
    {
      "type": "section",
      "children": [
        {
          "type": "heading",
          "lang": "classesHeader"
        },
        {
          "type": "text",
          "lang": "classesText1"
        },
        {
          "type": "example",
          "value": "classes"
        }
      ]
    },
    {
      "type": "section",
      "children": [
        {
          "type": "heading",
          "lang": "responsiveHeader"
        },
        {
          "type": "text",
          "lang": "responsiveText1"
        },
        {
          "type": "example",
          "value": "responsive"
        },
        {
          "type": "text",
          "lang": "responsiveText2"
        },
        {
          "type": "text",
          "lang": "responsiveClasses"
        }
      ]
    }
  ]
}
