{
  "title": "header",
  "titleText": "headerText",
  "children": [
    {
      "type": "section",
      "children": [
        {
          "type": "usage",
          "value": "usage"
        }
      ]
    },
    {
      "type": "section",
      "children": [
        {
          "type": "api",
          "value": [ "$vuetify" ]
        }
      ]
    },
    {
      "type": "section",
      "children": [
        {
          "type": "heading",
          "lang": "routerHeading"
        },
        {
          "type": "text",
          "lang": "routerText1"
        },
        {
          "type": "markup",
          "value": "js_import_goto_router"
        }
      ]
    },
    {
      "type": "section",
      "children": [
        {
          "type": "heading",
          "lang": "firstHeader"
        },
        {
          "type": "text",
          "lang": "loremIpsum"
        },
        {
          "type": "text",
          "lang": "loremIpsum"
        },
        {
          "type": "text",
          "lang": "loremIpsum"
        }
      ]
    },
    {
      "type": "section",
      "children": [
        {
          "type": "heading",
          "lang": "secondHeader"
        },
        {
          "type": "text",
          "lang": "loremIpsum"
        },
        {
          "type": "text",
          "lang": "loremIpsum"
        },
        {
          "type": "text",
          "lang": "loremIpsum"
        }
      ]
    },
    {
      "type": "section",
      "children": [
        {
          "type": "heading",
          "lang": "thirdHeader"
        },
        {
          "type": "text",
          "lang": "loremIpsum"
        },
        {
          "type": "text",
          "lang": "loremIpsum"
        },
        {
          "type": "text",
          "lang": "loremIpsum"
        }
      ]
    },
    {
      "type": "section",
      "children": [
        {
          "type": "up-next",
          "value": [
            "directives/scrolling",
            "styles/content"
          ]
        }
      ]
    }
  ]
}
