{
  "title": "header",
  "titleText": "headerText",
  "mdSpec": {
    "version": "2",
    "link": "https://material.io/design/layout/spacing-methods.html"
  },
  "children": [
    {
      "type": "section",
      "children": [
        {
          "type": "heading",
          "lang": "playgroundHeader"
        },
        {
          "type": "text",
          "lang": "playgroundText1"
        },
        {
          "type": "example",
          "value": "playground"
        }
      ]
    },
    {
      "type": "section",
      "children": [
        {
          "type": "heading",
          "lang": "Generic.Pages.howItWorks"
        },
        {
          "type": "text",
          "lang": "howText"
        },
        {
          "type": "text",
          "lang": "propertyText"
        },
        {
          "type": "text",
          "lang": "properties"
        },
        {
          "type": "text",
          "lang": "directionText"
        },
        {
          "type": "text",
          "lang": "directions"
        },
        {
          "type": "text",
          "lang": "sizeText"
        },
        {
          "type": "text",
          "lang": "sizes"
        }
      ]
    },
    {
      "type": "section",
      "children": [
        {
          "type": "examples",
          "value": [
            "simple/horizontal",
            "intermediate/negative-margin"
          ]
        }
      ]
    },
    {
      "type": "section",
      "children": [
        {
          "type": "heading",
          "lang": "breakpointHeader"
        },
        {
          "type": "text",
          "lang": "breakpointText"
        },
        {
          "type": "layout-grid"
        },
        {
          "type": "heading",
          "lang": "Generic.Pages.howItWorks"
        },
        {
          "type": "text",
          "lang": "breakpointHowText"
        }
      ]
    },
    {
      "type": "section",
      "children": [
        {
          "type": "examples",
          "value": [
            "simple/breakpoint-md"
          ]
        }
      ]
    },
    {
      "type": "section",
      "children": [
        {
          "type": "up-next",
          "value": [
            "styles/alignment",
            "styles/content"
          ]
        }
      ]
    }
  ]
}
