{
  "title": "header",
  "titleText": "headerText",
  "children": [
    {
      "type": "section",
      "children": [
        {
          "type": "heading",
          "lang": "alignmentHeader"
        },
        {
          "type": "text",
          "lang": "alignmentText1"
        },
        {
          "type": "example",
          "value": "align-justify"
        },
        {
          "type": "text",
          "lang": "alignmentText2"
        },
        {
          "type": "example",
          "value": "align-all"
        }
      ]
    },
    {
      "type": "section",
      "children": [
        {
          "type": "heading",
          "lang": "overflowHeader"
        },
        {
          "type": "text",
          "lang": "overflowText1"
        },
        {
          "type": "example",
          "value": "no-wrap"
        },
        {
          "type": "text",
          "lang": "overflowText2"
        },
        {
          "type": "example",
          "value": "truncate"
        }
      ]
    },
    {
      "type": "section",
      "children": [
        {
          "type": "heading",
          "lang": "transformHeader"
        },
        {
          "type": "text",
          "lang": "transformText1"
        },
        {
          "type": "example",
          "value": "transform"
        },
        {
          "type": "text",
          "lang": "transformText2"
        },
        {
          "type": "example",
          "value": "break"
        }
      ]
    },
    {
      "type": "section",
      "children": [
        {
          "type": "heading",
          "lang": "weightsHeader"
        },
        {
          "type": "text",
          "lang": "weightsText1"
        },
        {
          "type": "example",
          "value": "weights"
        }
      ]
    },
    {
      "type": "section",
      "children": [
        {
          "type": "heading",
          "lang": "opacityHeader"
        },
        {
          "type": "text",
          "lang": "opacityText1"
        },
        {
          "type": "example",
          "value": "opacity"
        }
      ]
    },
    {
      "type": "section",
      "children": [
        {
          "type": "heading",
          "lang": "rtlHeader"
        },
        {
          "type": "text",
          "lang": "rtlText1"
        },
        {
          "type": "example",
          "value": "rtl"
        }
      ]
    },
    {
      "type": "section",
      "children": [
        {
          "type": "up-next",
          "value": [
            "styles/display",
            "styles/content",
            "styles/typography"
          ]
        }
      ]
    }
  ]
}
