{
  "title": "header",
  "titleText": "headerText",
  "mdSpec": {
    "version": "2",
    "link": "https://material.io/design/motion/understanding-motion.html"
  },
  "children": [
    {
      "type": "section",
      "children": [
        {
          "type": "usage",
          "value": "usage"
        }
      ]
    },
    {
      "type": "section",
      "children": [
        {
          "type": "api",
          "value": [
            "v-fade-transition",
            "v-expand-transition",
            "v-scale-transition",
            "v-scroll-x-transition",
            "v-scroll-x-reverse-transition",
            "v-scroll-y-transition",
            "v-scroll-y-reverse-transition",
            "v-slide-x-transition",
            "v-slide-x-reverse-transition",
            "v-slide-y-transition",
            "v-slide-y-reverse-transition"
          ]
        }
      ]
    },
    {
      "type": "section",
      "children": [
        {
          "type": "examples",
          "value": [
            "slide-x-transitions",
            "slide-y-transitions",
            "scroll-x-transitions",
            "scroll-y-transitions",
            "scale-transition",
            "fade-transition",
            "expand-transition",
            "custom-origin",
            "todo"
          ]
        }
      ]
    },
    {
      "type": "section",
      "children": [
        {
          "type": "heading",
          "lang": "createYourOwnHeader"
        },
        {
          "type": "text",
          "lang": "createYourOwnText1"
        },
        {
          "type": "markup",
          "value": "js_custom_transition"
        },
        {
          "type": "text",
          "lang": "createYourOwnText2"
        },
        {
          "type": "markup",
          "value": "stylus_custom_transition"
        }
      ]
    },
    {
      "type": "section",
      "children": [
        {
          "type": "up-next",
          "value": [
            "components/menus",
            "styles/colors",
            "components/expansion-panels"
          ]
        }
      ]
    }
  ]
}
