{
  "title": "header",
  "titleText": "headerText",
  "mdSpec": {
    "version": "2",
    "link": "https://material.io/design/typography/the-type-system.html"
  },
  "children": [
    {
      "type": "section",
      "children": [
        {
          "type": "heading",
          "lang": "fontHeader"
        },
        {
          "type": "text",
          "lang": "fontText"
        },
        {
          "type": "style-font"
        },
        {
          "type": "heading",
          "lang": "Generic.Pages.examples"
        },
        {
          "type": "style-typefaces"
        }
      ]
    },
    {
      "type": "section",
      "children": [
        {
          "type": "up-next",
          "value": [
            "styles/text",
            "styles/content"
          ]
        }
      ]
    }
  ]
}
