{
  "children": [
    {
      "type": "section",
      "children": [
        {
          "type": "heading",
          "lang": "premiereHeading"
        },
        {
          "type": "text",
          "lang": "premiereText"
        },
        {
          "type": "professional-support-current-sponsors",
          "value": "Premiere"
        },
        { "type": "core-github-btn" }
      ]
    },
    {
      "type": "section",
      "children": [
        {
          "type": "heading",
          "lang": "diamondHeading"
        },
        {
          "type": "text",
          "lang": "diamondText"
        },
        {
          "type": "professional-support-current-sponsors",
          "value": "Diamond"
        },
        { "type": "core-github-btn" }
      ]
    },
    {
      "type": "section",
      "children": [
        {
          "type": "heading",
          "lang": "platinumHeading"
        },
        {
          "type": "text",
          "lang": "platinumText"
        },
        {
          "type": "professional-support-current-sponsors",
          "value": "Platinum"
        },
        { "type": "core-github-btn" }
      ]
    },
    {
      "type": "section",
      "children": [
        {
          "type": "text",
          "lang": "customText"
        }
      ]
    }
  ]
}
