{
  "status": {
    "description": "You can check the status of the documentation any time on our OhDear! uptime page.",
    "title": "Status page",
    "src": "https://cdn.vuetifyjs.com/images/vuetify-ads/status.png",
    "url": "https://status.vuetifyjs.com"
  },
  "community": {
    "description": "Get help with an issue, report a bug or connect with other developers on Discord",
    "title": "Vuetify Community",
    "src": "https://cdn.vuetifyjs.com/images/vuetify-ads/discord.png",
    "url": "https://community.vuetifyjs.com/"
  },
  "medium": {
    "description": "Find guides, articles and tutorials on the official Vuetify publication",
    "title": "Medium",
    "src": "https://cdn.vuetifyjs.com/images/vuetify-ads/medium.png",
    "url": "https://medium.com/vuetify"
  },
  "consulting": {
    "description": "Utilize John's in-demand services for guidance and advice on advanced implementations and best practices or in-depth training for your project's developers.",
    "title": "Consulting Support",
    "src": "https://cdn.vuetifyjs.com/images/logos/v.png",
    "url": "/professional-support/consulting"
  },
  "business": {
    "description": "Support your business and Vuetify at the same time with support directly from the author.",
    "title": "Business Support",
    "src": "https://cdn.vuetifyjs.com/images/logos/v.png",
    "url": "/professional-support/business"
  },
  "tidelift": {
    "description": "The Tidelift Subscription is a managed open source subscription for application dependencies.",
    "title": "Enterprise support through Tidelift",
    "src": "https://cdn.vuetifyjs.com/images/vuetify-ads/tidelift.png",
    "url": "https://tidelift.com/subscription/pkg/npm-vuetify",
    "query": "&utm_source=vuetify&utm_medium=referral&utm_campaign=homepage"
  },
  "reddit": {
    "description": "Connect with developers across the globe on the Vuetify subreddit.",
    "title": "Reddit",
    "src": "https://cdn.vuetifyjs.com/images/vuetify-ads/reddit.png",
    "url": "https://www.reddit.com/r/vuetifyjs/"
  },
  "twitter": {
    "description": "Get updates on the latest happenings, release information and more on Twitter.",
    "title": "Vuetify Twitter",
    "src": "https://cdn.vuetifyjs.com/images/vuetify-ads/twitter.png",
    "url": "https://twitter.com/vuetifyjs"
  }
}
