{
  "dashboard-pro": {
    "title": "Material Dashboard Pro",
    "description": "Vuetify Material Dashboard PRO is a beautiful theme built over Vuetify, Vuex and Vuejs. Vuetify Material Dashboard PRO is the official Vuejs version of the Original Material Dashboard PRO.",
    "src": "https://cdn.vuetifyjs.com/images/starter/vuetify-admin-dashboard-pro.jpg",
    "price": "$79",
    "url": "https://www.creative-tim.com/product/vuetify-material-dashboard-pro",
    "demoUrl": [
      "https://demos.creative-tim.com/vuetify-material-dashboard-pro/"
    ],
    "query": "&partner=116160"
  },
  "shopify-e-commerce": {
    "title": "Shopify E-commerce",
    "description": "A handcrafted Vuetify e-commerce application built on top of Shopify. Meticulous tweaks for optimal performance, user experience and accessibility make this theme stand out as a must have for anyone selling or wanting to sell with Shopify.",
    "src": "https://cdn.vuetifyjs.com/images/starter/shopify-e-commerce.png",
    "price": "$99",
    "url": "https://store.vuetifyjs.com/product/shopify-e-commerce-theme",
    "demoUrl": [
      "https://store.vuetifyjs.com"
    ]
  },
  "material-kit": {
    "title": "Material Kit",
    "description": "A complete set of Material Inspired themes built with Vuetify on top of Vue CLI.",
    "src": "https://cdn.vuetifyjs.com/images/starter/vuetify-material-kit.png",
    "price": "$55",
    "url": "https://store.vuetifyjs.com/product/material-kit-theme",
    "demoUrl": [
      "https://material-kit.vuetifyjs.com"
    ]
  },
  "alpha-theme": {
    "title": "Alpha Theme",
    "description": "Complete theme experience including enhanced Vue CLI, full documentation, 5 custom components and much more!",
    "src": "https://cdn.vuetifyjs.com/images/starter/vuetify-alpha-theme.png",
    "price": "$25",
    "url": "https://store.vuetifyjs.com/product/vuetify-alpha-theme",
    "demoUrl": [
      [
        "Construction",
        "https://alpha-construction.vuetifyjs.com"
      ],
      [
        "Creative",
        "https://alpha-creative.vuetifyjs.com"
      ],
      [
        "SaaS",
        "https://alpha-saas.vuetifyjs.com"
      ],
      [
        "Ecommerce",
        "https://alpha-ecommerce.vuetifyjs.com"
      ]
    ]
  },
  "dashboard": {
    "title": "Material Dashboard Free",
    "description": "Vuetify Material Dashboard is a beautiful resource built over Vuetify, Vuex and Vuejs. It will help you get started developing dashboards in no time.",
    "src": "https://cdn.vuetifyjs.com/images/starter/vuetify-admin-dashboard.jpg",
    "free": true,
    "url": "https://www.creative-tim.com/product/vuetify-material-dashboard",
    "demoUrl": [
      "https://demos.creative-tim.com/vuetify-material-dashboard/#/dashboard"
    ],
    "query": "&partner=116160"
  },
  "freelance": {
    "title": "Freelancer",
    "description": "A single page Material inspired theme for Freelancers.",
    "src": "https://cdn.vuetifyjs.com/images/starter/freelancer.png",
    "free": true,
    "url": "https://github.com/vuetifyjs/theme-freelancer",
    "demoUrl": []
  },
  "parallax": {
    "title": "Parallax",
    "description": "This beautiful single page parallax is a great home page for any application.",
    "src": "https://cdn.vuetifyjs.com/images/starter/parallax-2020-large.png",
    "free": true,
    "url": "https://github.com/vuetifyjs/vuetify/blob/master/packages/docs/src/themes/parallax-starter/index.html",
    "demoUrl": [
      "/themes/parallax-starter"
    ]
  },
  "blog": {
    "title": "Blog",
    "description": "A simple template that features a clean interface for creating a blog or blog-like application.",
    "src": "https://cdn.vuetifyjs.com/images/starter/blog.png",
    "free": true,
    "url": "https://github.com/vuetifyjs/theme-blog",
    "demoUrl": [
      "https://free-blog.vuetifyjs.com"
    ]
  }
}
